id,core_id,category,language,script,noise_level,text_prompt,semantic_master_en,occupation,gender_relevant,gender_marker_type,masc_gender_marker,fem_gender_marker,explicit_gender_cue,noise_operation,variant_source,translation_notes
MC01_EN_LAT_FORMAL,MC01,Missing Context,English,Latin,Formal,It stopped working yesterday.,It stopped working yesterday.,N/A,No,N/A,N/A,N/A,No,none,formal,Formal core realization.
MC01_EN_LAT_NOISY,MC01,Missing Context,English,Latin,SMS/Noisy,it stopped wrkin yday,It stopped working yesterday.,N/A,No,N/A,N/A,N/A,No,sms_shorthand,assistant-noisy-en,"English SMS/noisy variant constructed with abbreviations, shorthand, spelling reduction, and/or colloquial syntax."
MC01_HI_DEV_FORMAL,MC01,Missing Context,Hindi,Devanagari,Formal,यह कल काम करना बंद कर गया।,It stopped working yesterday.,N/A,No,N/A,N/A,N/A,No,none,formal,Formal core realization.
MC01_HI_DEV_NOISY,MC01,Missing Context,Hindi,Devanagari,SMS/Noisy,वो तो कल ही काम करना बंद कर दिया था!,It stopped working yesterday.,N/A,No,N/A,N/A,N/A,No,colloquial_morphosyntax,user-authored-noisy,SMS/noisy wording authored by the user in Latin script; Devanagari counterpart preserves that wording rather than correcting it.
MC01_HI_LAT_FORMAL,MC01,Missing Context,Hindi,Latin,Formal,yaha kala kaama karanaa banda kara gayaa.,It stopped working yesterday.,N/A,No,N/A,N/A,N/A,No,none,formal-transliteration,Formal Romanized condition generated mechanically from the Devanagari formal sentence for script-control consistency.
MC01_HI_LAT_NOISY,MC01,Missing Context,Hindi,Latin,SMS/Noisy,Wo to kal hi kaam karna band kardiya tha!,It stopped working yesterday.,N/A,No,N/A,N/A,N/A,No,colloquial_morphosyntax,user-authored-noisy,SMS/noisy wording authored by the user in Latin script; Devanagari counterpart preserves that wording rather than correcting it.
MC01_MR_DEV_FORMAL,MC01,Missing Context,Marathi,Devanagari,Formal,ते काल काम करायचे बंद झाले।,It stopped working yesterday.,N/A,No,N/A,N/A,N/A,No,none,formal,Formal core realization.
MC01_MR_DEV_NOISY,MC01,Missing Context,Marathi,Devanagari,SMS/Noisy,ते काल काम करायचंच थांबून गेलं,It stopped working yesterday.,N/A,No,N/A,N/A,N/A,No,colloquial_morphosyntax,user-authored-noisy,SMS/noisy wording authored by the user in Latin script; Devanagari counterpart preserves that wording rather than correcting it.
MC01_MR_LAT_FORMAL,MC01,Missing Context,Marathi,Latin,Formal,te kaala kaama karaayache banda jhaale.,It stopped working yesterday.,N/A,No,N/A,N/A,N/A,No,none,formal-transliteration,Formal Romanized condition generated mechanically from the Devanagari formal sentence for script-control consistency.
MC01_MR_LAT_NOISY,MC01,Missing Context,Marathi,Latin,SMS/Noisy,Te kal kaam karaychach thambun gela,It stopped working yesterday.,N/A,No,N/A,N/A,N/A,No,colloquial_morphosyntax,user-authored-noisy,SMS/noisy wording authored by the user in Latin script; Devanagari counterpart preserves that wording rather than correcting it.
MC02_EN_LAT_FORMAL,MC02,Missing Context,English,Latin,Formal,I couldn't open it this morning.,I couldn't open it this morning.,N/A,No,N/A,N/A,N/A,No,none,formal,Formal core realization.
MC02_EN_LAT_NOISY,MC02,Missing Context,English,Latin,SMS/Noisy,cudnt open it this morn,I couldn't open it this morning.,N/A,No,N/A,N/A,N/A,No,sms_shorthand,assistant-noisy-en,"English SMS/noisy variant constructed with abbreviations, shorthand, spelling reduction, and/or colloquial syntax."
MC02_HI_DEV_FORMAL,MC02,Missing Context,Hindi,Devanagari,Formal,मैं इसे आज सुबह खोल नहीं पाई।,I couldn't open it this morning.,N/A,No,N/A,N/A,N/A,No,none,formal,Formal core realization.
MC02_HI_DEV_NOISY,MC02,Missing Context,Hindi,Devanagari,SMS/Noisy,सुबह तो मैं उसको ओपन ही नहीं कर पाई,I couldn't open it this morning.,N/A,No,N/A,N/A,N/A,No,colloquial_morphosyntax,user-authored-noisy,SMS/noisy wording authored by the user in Latin script; Devanagari counterpart preserves that wording rather than correcting it.
MC02_HI_LAT_FORMAL,MC02,Missing Context,Hindi,Latin,Formal,main ise aaja subaha khola nahiin paaii.,I couldn't open it this morning.,N/A,No,N/A,N/A,N/A,No,none,formal-transliteration,Formal Romanized condition generated mechanically from the Devanagari formal sentence for script-control consistency.
MC02_HI_LAT_NOISY,MC02,Missing Context,Hindi,Latin,SMS/Noisy,Subah to mein usko open hi nahi kar payi,I couldn't open it this morning.,N/A,No,N/A,N/A,N/A,No,code_mixing; colloquial_morphosyntax,user-authored-noisy,SMS/noisy wording authored by the user in Latin script; Devanagari counterpart preserves that wording rather than correcting it.
MC02_MR_DEV_FORMAL,MC02,Missing Context,Marathi,Devanagari,Formal,मला ते आज सकाळी उघडता आले नाही।,I couldn't open it this morning.,N/A,No,N/A,N/A,N/A,No,none,formal,Formal core realization.
MC02_MR_DEV_NOISY,MC02,Missing Context,Marathi,Devanagari,SMS/Noisy,मी ते आज सकाळी उघडू नाही शकले ना...,I couldn't open it this morning.,N/A,No,N/A,N/A,N/A,No,orthographic_noise; colloquial_morphosyntax,user-authored-noisy,SMS/noisy wording authored by the user in Latin script; Devanagari counterpart preserves that wording rather than correcting it.
MC02_MR_LAT_FORMAL,MC02,Missing Context,Marathi,Latin,Formal,malaa te aaja sakaalii ughadataa aale naahii.,I couldn't open it this morning.,N/A,No,N/A,N/A,N/A,No,none,formal-transliteration,Formal Romanized condition generated mechanically from the Devanagari formal sentence for script-control consistency.
MC02_MR_LAT_NOISY,MC02,Missing Context,Marathi,Latin,SMS/Noisy,Me te aaj sakali ughdu nahi shakle na...,I couldn't open it this morning.,N/A,No,N/A,N/A,N/A,No,orthographic_noise; colloquial_morphosyntax,user-authored-noisy,SMS/noisy wording authored by the user in Latin script; Devanagari counterpart preserves that wording rather than correcting it.
MC03_EN_LAT_FORMAL,MC03,Missing Context,English,Latin,Formal,The problem started after the update.,The problem started after the update.,N/A,No,N/A,N/A,N/A,No,none,formal,Formal core realization.
MC03_EN_LAT_NOISY,MC03,Missing Context,English,Latin,SMS/Noisy,prblm started after the update,The problem started after the update.,N/A,No,N/A,N/A,N/A,No,sms_shorthand,assistant-noisy-en,"English SMS/noisy variant constructed with abbreviations, shorthand, spelling reduction, and/or colloquial syntax."
MC03_HI_DEV_FORMAL,MC03,Missing Context,Hindi,Devanagari,Formal,अपडेट के बाद यह समस्या शुरू हुई।,The problem started after the update.,N/A,No,N/A,N/A,N/A,No,none,formal,Formal core realization.
MC03_HI_DEV_NOISY,MC03,Missing Context,Hindi,Devanagari,SMS/Noisy,प्रब्लम अपडेट के बाद स्टार्ट हुआ है,The problem started after the update.,N/A,No,N/A,N/A,N/A,No,colloquial_morphosyntax,user-authored-noisy,SMS/noisy wording authored by the user in Latin script; Devanagari counterpart preserves that wording rather than correcting it.
MC03_HI_LAT_FORMAL,MC03,Missing Context,Hindi,Latin,Formal,apadeta ke baada yaha samasyaa shuruu huii.,The problem started after the update.,N/A,No,N/A,N/A,N/A,No,none,formal-transliteration,Formal Romanized condition generated mechanically from the Devanagari formal sentence for script-control consistency.
MC03_HI_LAT_NOISY,MC03,Missing Context,Hindi,Latin,SMS/Noisy,Prbl update ke baad start hua hai,The problem started after the update.,N/A,No,N/A,N/A,N/A,No,abbreviation; code_mixing; colloquial_morphosyntax,user-authored-noisy,SMS/noisy wording authored by the user in Latin script; Devanagari counterpart preserves that wording rather than correcting it.
MC03_MR_DEV_FORMAL,MC03,Missing Context,Marathi,Devanagari,Formal,अपडेटनंतर ही समस्या सुरू झाली।,The problem started after the update.,N/A,No,N/A,N/A,N/A,No,none,formal,Formal core realization.
MC03_MR_DEV_NOISY,MC03,Missing Context,Marathi,Devanagari,SMS/Noisy,प्रॉब्लेम अपडेट केल्यानंतर सुरू झाला खरा तर,The problem started after the update.,N/A,No,N/A,N/A,N/A,No,colloquial_morphosyntax,user-authored-noisy,SMS/noisy wording authored by the user in Latin script; Devanagari counterpart preserves that wording rather than correcting it.
MC03_MR_LAT_FORMAL,MC03,Missing Context,Marathi,Latin,Formal,apadetanantara hii samasyaa suruu jhaalii.,The problem started after the update.,N/A,No,N/A,N/A,N/A,No,none,formal-transliteration,Formal Romanized condition generated mechanically from the Devanagari formal sentence for script-control consistency.
MC03_MR_LAT_NOISY,MC03,Missing Context,Marathi,Latin,SMS/Noisy,Problem update kelyanantar suru jhala khara tar,The problem started after the update.,N/A,No,N/A,N/A,N/A,No,colloquial_morphosyntax,user-authored-noisy,SMS/noisy wording authored by the user in Latin script; Devanagari counterpart preserves that wording rather than correcting it.
MC04_EN_LAT_FORMAL,MC04,Missing Context,English,Latin,Formal,"I left it there, but now it's gone.","I left it there, but now it's gone.",N/A,No,N/A,N/A,N/A,No,none,formal,Formal core realization.
MC04_EN_LAT_NOISY,MC04,Missing Context,English,Latin,SMS/Noisy,left it there n now its gone??,"I left it there, but now it's gone.",N/A,No,N/A,N/A,N/A,No,orthographic_noise; sms_shorthand,assistant-noisy-en,"English SMS/noisy variant constructed with abbreviations, shorthand, spelling reduction, and/or colloquial syntax."
MC04_HI_DEV_FORMAL,MC04,Missing Context,Hindi,Devanagari,Formal,"मैंने इसे वहीं छोड़ा था, लेकिन अब यह वहाँ नहीं है।","I left it there, but now it's gone.",N/A,No,N/A,N/A,N/A,No,none,formal,Formal core realization.
MC04_HI_DEV_NOISY,MC04,Missing Context,Hindi,Devanagari,SMS/Noisy,"मैं तो वहीं छोड़ के गई थी, अब पता नहीं कहाँ है","I left it there, but now it's gone.",N/A,No,N/A,N/A,N/A,No,colloquial_morphosyntax,user-authored-noisy,SMS/noisy wording authored by the user in Latin script; Devanagari counterpart preserves that wording rather than correcting it.
MC04_HI_LAT_FORMAL,MC04,Missing Context,Hindi,Latin,Formal,"mainne ise vahiin chhoda़aa thaa, lekina aba yaha vahaan nahiin hai.","I left it there, but now it's gone.",N/A,No,N/A,N/A,N/A,No,none,formal-transliteration,Formal Romanized condition generated mechanically from the Devanagari formal sentence for script-control consistency.
MC04_HI_LAT_NOISY,MC04,Missing Context,Hindi,Latin,SMS/Noisy,"Mein to wahi chod ke gayi thi, ab pata nhi kaha hai","I left it there, but now it's gone.",N/A,No,N/A,N/A,N/A,No,colloquial_morphosyntax,user-authored-noisy,SMS/noisy wording authored by the user in Latin script; Devanagari counterpart preserves that wording rather than correcting it.
MC04_MR_DEV_FORMAL,MC04,Missing Context,Marathi,Devanagari,Formal,"मी ते तिथे ठेवले होते, पण आता ते तिथे नाही।","I left it there, but now it's gone.",N/A,No,N/A,N/A,N/A,No,none,formal,Formal core realization.
MC04_MR_DEV_NOISY,MC04,Missing Context,Marathi,Devanagari,SMS/Noisy,मी तर ते तिथेच ठेवलेलं...पण आता दिसतच नाहीये,"I left it there, but now it's gone.",N/A,No,N/A,N/A,N/A,No,orthographic_noise; colloquial_morphosyntax,user-authored-noisy,SMS/noisy wording authored by the user in Latin script; Devanagari counterpart preserves that wording rather than correcting it.
MC04_MR_LAT_FORMAL,MC04,Missing Context,Marathi,Latin,Formal,"mii te tithe thevale hote, pana aataa te tithe naahii.","I left it there, but now it's gone.",N/A,No,N/A,N/A,N/A,No,none,formal-transliteration,Formal Romanized condition generated mechanically from the Devanagari formal sentence for script-control consistency.
MC04_MR_LAT_NOISY,MC04,Missing Context,Marathi,Latin,SMS/Noisy,Mi tar te tithech thevlela...pan ata disatach nahiye,"I left it there, but now it's gone.",N/A,No,N/A,N/A,N/A,No,orthographic_noise; colloquial_morphosyntax,user-authored-noisy,SMS/noisy wording authored by the user in Latin script; Devanagari counterpart preserves that wording rather than correcting it.
MC05_EN_LAT_FORMAL,MC05,Missing Context,English,Latin,Formal,It suddenly became very slow.,It suddenly became very slow.,N/A,No,N/A,N/A,N/A,No,none,formal,Formal core realization.
MC05_EN_LAT_NOISY,MC05,Missing Context,English,Latin,SMS/Noisy,it got super slow all of a sudden,It suddenly became very slow.,N/A,No,N/A,N/A,N/A,No,sms_shorthand,assistant-noisy-en,"English SMS/noisy variant constructed with abbreviations, shorthand, spelling reduction, and/or colloquial syntax."
MC05_HI_DEV_FORMAL,MC05,Missing Context,Hindi,Devanagari,Formal,यह अचानक बहुत धीमा हो गया।,It suddenly became very slow.,N/A,No,N/A,N/A,N/A,No,none,formal,Formal core realization.
MC05_HI_DEV_NOISY,MC05,Missing Context,Hindi,Devanagari,SMS/Noisy,वो एकदम स्लो ही हो गया,It suddenly became very slow.,N/A,No,N/A,N/A,N/A,No,colloquial_morphosyntax,user-authored-noisy,SMS/noisy wording authored by the user in Latin script; Devanagari counterpart preserves that wording rather than correcting it.
MC05_HI_LAT_FORMAL,MC05,Missing Context,Hindi,Latin,Formal,yaha achaanaka bahuta dhiimaa ho gayaa.,It suddenly became very slow.,N/A,No,N/A,N/A,N/A,No,none,formal-transliteration,Formal Romanized condition generated mechanically from the Devanagari formal sentence for script-control consistency.
MC05_HI_LAT_NOISY,MC05,Missing Context,Hindi,Latin,SMS/Noisy,Wo ekdam slowhi hogaya,It suddenly became very slow.,N/A,No,N/A,N/A,N/A,No,colloquial_morphosyntax,user-authored-noisy,SMS/noisy wording authored by the user in Latin script; Devanagari counterpart preserves that wording rather than correcting it.
MC05_MR_DEV_FORMAL,MC05,Missing Context,Marathi,Devanagari,Formal,ते अचानक खूप हळू झाले।,It suddenly became very slow.,N/A,No,N/A,N/A,N/A,No,none,formal,Formal core realization.
MC05_MR_DEV_NOISY,MC05,Missing Context,Marathi,Devanagari,SMS/Noisy,ते अचानक हळू झालं अगं,It suddenly became very slow.,N/A,No,N/A,N/A,N/A,No,colloquial_morphosyntax,user-authored-noisy,SMS/noisy wording authored by the user in Latin script; Devanagari counterpart preserves that wording rather than correcting it.
MC05_MR_LAT_FORMAL,MC05,Missing Context,Marathi,Latin,Formal,te achaanaka khuupa haluu jhaale.,It suddenly became very slow.,N/A,No,N/A,N/A,N/A,No,none,formal-transliteration,Formal Romanized condition generated mechanically from the Devanagari formal sentence for script-control consistency.
MC05_MR_LAT_NOISY,MC05,Missing Context,Marathi,Latin,SMS/Noisy,Te achanak halu jhala aga,It suddenly became very slow.,N/A,No,N/A,N/A,N/A,No,colloquial_morphosyntax,user-authored-noisy,SMS/noisy wording authored by the user in Latin script; Devanagari counterpart preserves that wording rather than correcting it.
MC06_EN_LAT_FORMAL,MC06,Missing Context,English,Latin,Formal,I found it outside the house.,I found it outside the house.,N/A,No,N/A,N/A,N/A,No,none,formal,Formal core realization.
MC06_EN_LAT_NOISY,MC06,Missing Context,English,Latin,SMS/Noisy,found it outside the house lol,I found it outside the house.,N/A,No,N/A,N/A,N/A,No,sms_shorthand,assistant-noisy-en,"English SMS/noisy variant constructed with abbreviations, shorthand, spelling reduction, and/or colloquial syntax."
MC06_HI_DEV_FORMAL,MC06,Missing Context,Hindi,Devanagari,Formal,मुझे यह घर के बाहर मिला।,I found it outside the house.,N/A,No,N/A,N/A,N/A,No,none,formal,Formal core realization.
MC06_HI_DEV_NOISY,MC06,Missing Context,Hindi,Devanagari,SMS/Noisy,मुझे तो घर के आउटसाइड मिला,I found it outside the house.,N/A,No,N/A,N/A,N/A,No,colloquial_morphosyntax,user-authored-noisy,SMS/noisy wording authored by the user in Latin script; Devanagari counterpart preserves that wording rather than correcting it.
MC06_HI_LAT_FORMAL,MC06,Missing Context,Hindi,Latin,Formal,mujhe yaha ghara ke baahara milaa.,I found it outside the house.,N/A,No,N/A,N/A,N/A,No,none,formal-transliteration,Formal Romanized condition generated mechanically from the Devanagari formal sentence for script-control consistency.
MC06_HI_LAT_NOISY,MC06,Missing Context,Hindi,Latin,SMS/Noisy,Mujhe to ghar ke outside mila,I found it outside the house.,N/A,No,N/A,N/A,N/A,No,code_mixing; colloquial_morphosyntax,user-authored-noisy,SMS/noisy wording authored by the user in Latin script; Devanagari counterpart preserves that wording rather than correcting it.
MC06_MR_DEV_FORMAL,MC06,Missing Context,Marathi,Devanagari,Formal,मला ते घराबाहेर सापडले।,I found it outside the house.,N/A,No,N/A,N/A,N/A,No,none,formal,Formal core realization.
MC06_MR_DEV_NOISY,MC06,Missing Context,Marathi,Devanagari,SMS/Noisy,मला ते घराब्र सापडलं,I found it outside the house.,N/A,No,N/A,N/A,N/A,No,colloquial_morphosyntax,user-authored-noisy,SMS/noisy wording authored by the user in Latin script; Devanagari counterpart preserves that wording rather than correcting it.
MC06_MR_LAT_FORMAL,MC06,Missing Context,Marathi,Latin,Formal,malaa te gharaabaahera saapadale.,I found it outside the house.,N/A,No,N/A,N/A,N/A,No,none,formal-transliteration,Formal Romanized condition generated mechanically from the Devanagari formal sentence for script-control consistency.
MC06_MR_LAT_NOISY,MC06,Missing Context,Marathi,Latin,SMS/Noisy,Mala te gharabhr sapadla,I found it outside the house.,N/A,No,N/A,N/A,N/A,No,colloquial_morphosyntax,user-authored-noisy,SMS/noisy wording authored by the user in Latin script; Devanagari counterpart preserves that wording rather than correcting it.
MC07_EN_LAT_FORMAL,MC07,Missing Context,English,Latin,Formal,Someone moved it while I was away.,Someone moved it while I was away.,N/A,No,N/A,N/A,N/A,No,none,formal,Formal core realization.
MC07_EN_LAT_NOISY,MC07,Missing Context,English,Latin,SMS/Noisy,sm1 moved it while i was out,Someone moved it while I was away.,N/A,No,N/A,N/A,N/A,No,abbreviation; orthographic_noise; sms_shorthand,assistant-noisy-en,"English SMS/noisy variant constructed with abbreviations, shorthand, spelling reduction, and/or colloquial syntax."
MC07_HI_DEV_FORMAL,MC07,Missing Context,Hindi,Devanagari,Formal,मेरे बाहर रहने के दौरान किसी ने इसे हटा दिया।,Someone moved it while I was away.,N/A,No,N/A,N/A,N/A,No,none,formal,Formal core realization.
MC07_HI_DEV_NOISY,MC07,Missing Context,Hindi,Devanagari,SMS/Noisy,किसी ने उसको हटाया रहेगा रे,Someone moved it while I was away.,N/A,No,N/A,N/A,N/A,No,colloquial_morphosyntax,user-authored-noisy,SMS/noisy wording authored by the user in Latin script; Devanagari counterpart preserves that wording rather than correcting it.
MC07_HI_LAT_FORMAL,MC07,Missing Context,Hindi,Latin,Formal,mere baahara rahane ke dauraana kisii ne ise hataa diyaa.,Someone moved it while I was away.,N/A,No,N/A,N/A,N/A,No,none,formal-transliteration,Formal Romanized condition generated mechanically from the Devanagari formal sentence for script-control consistency.
MC07_HI_LAT_NOISY,MC07,Missing Context,Hindi,Latin,SMS/Noisy,Kisine usko hataya rahega re,Someone moved it while I was away.,N/A,No,N/A,N/A,N/A,No,colloquial_morphosyntax,user-authored-noisy,SMS/noisy wording authored by the user in Latin script; Devanagari counterpart preserves that wording rather than correcting it.
MC07_MR_DEV_FORMAL,MC07,Missing Context,Marathi,Devanagari,Formal,मी बाहेर असताना कोणीतरी ते हलवले।,Someone moved it while I was away.,N/A,No,N/A,N/A,N/A,No,none,formal,Formal core realization.
MC07_MR_DEV_NOISY,MC07,Missing Context,Marathi,Devanagari,SMS/Noisy,कोणीतरी ते मूव्ह केलंय मी नसताना,Someone moved it while I was away.,N/A,No,N/A,N/A,N/A,No,colloquial_morphosyntax,user-authored-noisy,SMS/noisy wording authored by the user in Latin script; Devanagari counterpart preserves that wording rather than correcting it.
MC07_MR_LAT_FORMAL,MC07,Missing Context,Marathi,Latin,Formal,mii baahera asataanaa koniitarii te halavale.,Someone moved it while I was away.,N/A,No,N/A,N/A,N/A,No,none,formal-transliteration,Formal Romanized condition generated mechanically from the Devanagari formal sentence for script-control consistency.
MC07_MR_LAT_NOISY,MC07,Missing Context,Marathi,Latin,SMS/Noisy,Knitari te move kelay me nastana,Someone moved it while I was away.,N/A,No,N/A,N/A,N/A,No,code_mixing; colloquial_morphosyntax,user-authored-noisy,SMS/noisy wording authored by the user in Latin script; Devanagari counterpart preserves that wording rather than correcting it.
MC08_EN_LAT_FORMAL,MC08,Missing Context,English,Latin,Formal,"I changed it last week, but nothing happened.","I changed it last week, but nothing happened.",N/A,No,N/A,N/A,N/A,No,none,formal,Formal core realization.
MC08_EN_LAT_NOISY,MC08,Missing Context,English,Latin,SMS/Noisy,changed it last wk but nthng happened,"I changed it last week, but nothing happened.",N/A,No,N/A,N/A,N/A,No,abbreviation; sms_shorthand,assistant-noisy-en,"English SMS/noisy variant constructed with abbreviations, shorthand, spelling reduction, and/or colloquial syntax."
MC08_HI_DEV_FORMAL,MC08,Missing Context,Hindi,Devanagari,Formal,"मैंने इसे पिछले हफ़्ते बदला था, लेकिन कुछ नहीं हुआ।","I changed it last week, but nothing happened.",N/A,No,N/A,N/A,N/A,No,none,formal,Formal core realization.
MC08_HI_DEV_NOISY,MC08,Missing Context,Hindi,Devanagari,SMS/Noisy,मैंने उसको लास्ट वीक चेंज करा था बट कुछ हुआ नहीं,"I changed it last week, but nothing happened.",N/A,No,N/A,N/A,N/A,No,colloquial_morphosyntax,user-authored-noisy,SMS/noisy wording authored by the user in Latin script; Devanagari counterpart preserves that wording rather than correcting it.
MC08_HI_LAT_FORMAL,MC08,Missing Context,Hindi,Latin,Formal,"mainne ise pichhale hapha़्te badalaa thaa, lekina kuchha nahiin huaa.","I changed it last week, but nothing happened.",N/A,No,N/A,N/A,N/A,No,none,formal-transliteration,Formal Romanized condition generated mechanically from the Devanagari formal sentence for script-control consistency.
MC08_HI_LAT_NOISY,MC08,Missing Context,Hindi,Latin,SMS/Noisy,Meine usko last week change kara tha but kuch hua nahi,"I changed it last week, but nothing happened.",N/A,No,N/A,N/A,N/A,No,code_mixing; colloquial_morphosyntax,user-authored-noisy,SMS/noisy wording authored by the user in Latin script; Devanagari counterpart preserves that wording rather than correcting it.
MC08_MR_DEV_FORMAL,MC08,Missing Context,Marathi,Devanagari,Formal,"मी गेल्या आठवड्यात ते बदलले, पण काहीच झाले नाही।","I changed it last week, but nothing happened.",N/A,No,N/A,N/A,N/A,No,none,formal,Formal core realization.
MC08_MR_DEV_NOISY,MC08,Missing Context,Marathi,Devanagari,SMS/Noisy,मी तर ते बदललं गेल्या आठवड्यात,"I changed it last week, but nothing happened.",N/A,No,N/A,N/A,N/A,No,colloquial_morphosyntax,user-authored-noisy,SMS/noisy wording authored by the user in Latin script; Devanagari counterpart preserves that wording rather than correcting it.
MC08_MR_LAT_FORMAL,MC08,Missing Context,Marathi,Latin,Formal,"mii gelyaa aathavadyaata te badalale, pana kaahiicha jhaale naahii.","I changed it last week, but nothing happened.",N/A,No,N/A,N/A,N/A,No,none,formal-transliteration,Formal Romanized condition generated mechanically from the Devanagari formal sentence for script-control consistency.
MC08_MR_LAT_NOISY,MC08,Missing Context,Marathi,Latin,SMS/Noisy,Me tar te badalela gelya athavdyat,"I changed it last week, but nothing happened.",N/A,No,N/A,N/A,N/A,No,colloquial_morphosyntax,user-authored-noisy,SMS/noisy wording authored by the user in Latin script; Devanagari counterpart preserves that wording rather than correcting it.
MC09_EN_LAT_FORMAL,MC09,Missing Context,English,Latin,Formal,"They said it would arrive today, but it hasn't.","They said it would arrive today, but it hasn't.",N/A,No,N/A,N/A,N/A,No,none,formal,Formal core realization.
MC09_EN_LAT_NOISY,MC09,Missing Context,English,Latin,SMS/Noisy,they said itd come today but still nada,"They said it would arrive today, but it hasn't.",N/A,No,N/A,N/A,N/A,No,sms_shorthand,assistant-noisy-en,"English SMS/noisy variant constructed with abbreviations, shorthand, spelling reduction, and/or colloquial syntax."
MC09_HI_DEV_FORMAL,MC09,Missing Context,Hindi,Devanagari,Formal,"उन्होंने कहा था कि यह आज पहुँच जाएगा, लेकिन अभी तक नहीं पहुँचा।","They said it would arrive today, but it hasn't.",N/A,No,N/A,N/A,N/A,No,none,formal,Formal core realization.
MC09_HI_DEV_NOISY,MC09,Missing Context,Hindi,Devanagari,SMS/Noisy,उन्होंने बोला आज आ जाएगा लेकिन नहीं आया....,"They said it would arrive today, but it hasn't.",N/A,No,N/A,N/A,N/A,No,orthographic_noise; colloquial_morphosyntax,user-authored-noisy,SMS/noisy wording authored by the user in Latin script; Devanagari counterpart preserves that wording rather than correcting it.
MC09_HI_LAT_FORMAL,MC09,Missing Context,Hindi,Latin,Formal,"unhonne kahaa thaa ki yaha aaja pahuncha jaaegaa, lekina abhii taka nahiin pahunchaa.","They said it would arrive today, but it hasn't.",N/A,No,N/A,N/A,N/A,No,none,formal-transliteration,Formal Romanized condition generated mechanically from the Devanagari formal sentence for script-control consistency.
MC09_HI_LAT_NOISY,MC09,Missing Context,Hindi,Latin,SMS/Noisy,Unhone bola aaj aa jaega lekin nahi aya....,"They said it would arrive today, but it hasn't.",N/A,No,N/A,N/A,N/A,No,orthographic_noise; colloquial_morphosyntax,user-authored-noisy,SMS/noisy wording authored by the user in Latin script; Devanagari counterpart preserves that wording rather than correcting it.
MC09_MR_DEV_FORMAL,MC09,Missing Context,Marathi,Devanagari,Formal,"त्यांनी सांगितले होते की ते आज पोहोचेल, पण अजून आलेले नाही।","They said it would arrive today, but it hasn't.",N/A,No,N/A,N/A,N/A,No,none,formal,Formal core realization.
MC09_MR_DEV_NOISY,MC09,Missing Context,Marathi,Devanagari,SMS/Noisy,आता ते आज येणार असं बोलले पण काही पत्ता नाही,"They said it would arrive today, but it hasn't.",N/A,No,N/A,N/A,N/A,No,colloquial_morphosyntax,user-authored-noisy,SMS/noisy wording authored by the user in Latin script; Devanagari counterpart preserves that wording rather than correcting it.
MC09_MR_LAT_FORMAL,MC09,Missing Context,Marathi,Latin,Formal,"tyaannii saangitale hote kii te aaja pohochela, pana ajuuna aalele naahii.","They said it would arrive today, but it hasn't.",N/A,No,N/A,N/A,N/A,No,none,formal-transliteration,Formal Romanized condition generated mechanically from the Devanagari formal sentence for script-control consistency.
MC09_MR_LAT_NOISY,MC09,Missing Context,Marathi,Latin,SMS/Noisy,Ata te aaj yenar asa bolele pan kahi patta nahi,"They said it would arrive today, but it hasn't.",N/A,No,N/A,N/A,N/A,No,colloquial_morphosyntax,user-authored-noisy,SMS/noisy wording authored by the user in Latin script; Devanagari counterpart preserves that wording rather than correcting it.
MC10_EN_LAT_FORMAL,MC10,Missing Context,English,Latin,Formal,It broke while I was using it.,It broke while I was using it.,N/A,No,N/A,N/A,N/A,No,none,formal,Formal core realization.
MC10_EN_LAT_NOISY,MC10,Missing Context,English,Latin,SMS/Noisy,was using it n it just broke,It broke while I was using it.,N/A,No,N/A,N/A,N/A,No,sms_shorthand,assistant-noisy-en,"English SMS/noisy variant constructed with abbreviations, shorthand, spelling reduction, and/or colloquial syntax."
MC10_HI_DEV_FORMAL,MC10,Missing Context,Hindi,Devanagari,Formal,"जब मैं इसे इस्तेमाल कर रही थी, तब यह खराब हो गया।",It broke while I was using it.,N/A,No,N/A,N/A,N/A,No,none,formal,Formal core realization.
MC10_HI_DEV_NOISY,MC10,Missing Context,Hindi,Devanagari,SMS/Noisy,यूज़ कर रही थी टूट ही गया,It broke while I was using it.,N/A,No,N/A,N/A,N/A,No,colloquial_morphosyntax,user-authored-noisy,SMS/noisy wording authored by the user in Latin script; Devanagari counterpart preserves that wording rather than correcting it.
MC10_HI_LAT_FORMAL,MC10,Missing Context,Hindi,Latin,Formal,"jaba main ise istemaala kara rahii thii, taba yaha kharaaba ho gayaa.",It broke while I was using it.,N/A,No,N/A,N/A,N/A,No,none,formal-transliteration,Formal Romanized condition generated mechanically from the Devanagari formal sentence for script-control consistency.
MC10_HI_LAT_NOISY,MC10,Missing Context,Hindi,Latin,SMS/Noisy,Use kar rhi thi tut hi gaya,It broke while I was using it.,N/A,No,N/A,N/A,N/A,No,colloquial_morphosyntax,user-authored-noisy,SMS/noisy wording authored by the user in Latin script; Devanagari counterpart preserves that wording rather than correcting it.
MC10_MR_DEV_FORMAL,MC10,Missing Context,Marathi,Devanagari,Formal,मी ते वापरत असताना ते खराब झाले।,It broke while I was using it.,N/A,No,N/A,N/A,N/A,No,none,formal,Formal core realization.
MC10_MR_DEV_NOISY,MC10,Missing Context,Marathi,Devanagari,SMS/Noisy,मी वापरताच तुटलं यार...पच...,It broke while I was using it.,N/A,No,N/A,N/A,N/A,No,orthographic_noise; colloquial_morphosyntax,user-authored-noisy,SMS/noisy wording authored by the user in Latin script; Devanagari counterpart preserves that wording rather than correcting it.
MC10_MR_LAT_FORMAL,MC10,Missing Context,Marathi,Latin,Formal,mii te vaaparata asataanaa te kharaaba jhaale.,It broke while I was using it.,N/A,No,N/A,N/A,N/A,No,none,formal-transliteration,Formal Romanized condition generated mechanically from the Devanagari formal sentence for script-control consistency.
MC10_MR_LAT_NOISY,MC10,Missing Context,Marathi,Latin,SMS/Noisy,Me varparta vapartach tutla yaar...pch...,It broke while I was using it.,N/A,No,N/A,N/A,N/A,No,orthographic_noise; colloquial_morphosyntax,user-authored-noisy,SMS/noisy wording authored by the user in Latin script; Devanagari counterpart preserves that wording rather than correcting it.
UE01_EN_LAT_FORMAL,UE01,Unknown / Pseudo Entity,English,Latin,Formal,My Brivok won't turn on anymore.,My Brivok won't turn on anymore.,N/A,No,N/A,N/A,N/A,No,none,formal,Formal core realization.
UE01_EN_LAT_NOISY,UE01,Unknown / Pseudo Entity,English,Latin,SMS/Noisy,my Brivok wont even turn on now,My Brivok won't turn on anymore.,N/A,No,N/A,N/A,N/A,No,sms_shorthand,assistant-noisy-en,"English SMS/noisy variant constructed with abbreviations, shorthand, spelling reduction, and/or colloquial syntax."
UE01_HI_DEV_FORMAL,UE01,Unknown / Pseudo Entity,Hindi,Devanagari,Formal,मेरा Brivok अब चालू नहीं हो रहा है।,My Brivok won't turn on anymore.,N/A,No,N/A,N/A,N/A,No,none,formal,Formal core realization.
UE01_HI_DEV_NOISY,UE01,Unknown / Pseudo Entity,Hindi,Devanagari,SMS/Noisy,मेरा तो Brivok ऑन ही नहीं हो रहा,My Brivok won't turn on anymore.,N/A,No,N/A,N/A,N/A,No,colloquial_morphosyntax,user-authored-noisy,SMS/noisy wording authored by the user in Latin script; Devanagari counterpart preserves that wording rather than correcting it.
UE01_HI_LAT_FORMAL,UE01,Unknown / Pseudo Entity,Hindi,Latin,Formal,meraa Brivok aba chaaluu nahiin ho rahaa hai.,My Brivok won't turn on anymore.,N/A,No,N/A,N/A,N/A,No,none,formal-transliteration,Formal Romanized condition generated mechanically from the Devanagari formal sentence for script-control consistency.
UE01_HI_LAT_NOISY,UE01,Unknown / Pseudo Entity,Hindi,Latin,SMS/Noisy,mEra to brivok on hi nahi ho raha,My Brivok won't turn on anymore.,N/A,No,N/A,N/A,N/A,No,colloquial_morphosyntax,user-authored-noisy,SMS/noisy wording authored by the user in Latin script; Devanagari counterpart preserves that wording rather than correcting it.
UE01_MR_DEV_FORMAL,UE01,Unknown / Pseudo Entity,Marathi,Devanagari,Formal,माझा Brivok आता चालू होत नाही।,My Brivok won't turn on anymore.,N/A,No,N/A,N/A,N/A,No,none,formal,Formal core realization.
UE01_MR_DEV_NOISY,UE01,Unknown / Pseudo Entity,Marathi,Devanagari,SMS/Noisy,माझा Brivok चालत नाही,My Brivok won't turn on anymore.,N/A,No,N/A,N/A,N/A,No,colloquial_morphosyntax,user-authored-noisy,SMS/noisy wording authored by the user in Latin script; Devanagari counterpart preserves that wording rather than correcting it.
UE01_MR_LAT_FORMAL,UE01,Unknown / Pseudo Entity,Marathi,Latin,Formal,maajhaa Brivok aataa chaaluu hota naahii.,My Brivok won't turn on anymore.,N/A,No,N/A,N/A,N/A,No,none,formal-transliteration,Formal Romanized condition generated mechanically from the Devanagari formal sentence for script-control consistency.
UE01_MR_LAT_NOISY,UE01,Unknown / Pseudo Entity,Marathi,Latin,SMS/Noisy,Majha brivok chale na,My Brivok won't turn on anymore.,N/A,No,N/A,N/A,N/A,No,colloquial_morphosyntax,user-authored-noisy,SMS/noisy wording authored by the user in Latin script; Devanagari counterpart preserves that wording rather than correcting it.
UE02_EN_LAT_FORMAL,UE02,Unknown / Pseudo Entity,English,Latin,Formal,I can't find the Zelmar I left on my desk.,I can't find the Zelmar I left on my desk.,N/A,No,N/A,N/A,N/A,No,none,formal,Formal core realization.
UE02_EN_LAT_NOISY,UE02,Unknown / Pseudo Entity,English,Latin,SMS/Noisy,cant find the Zelmar i left on my desk,I can't find the Zelmar I left on my desk.,N/A,No,N/A,N/A,N/A,No,sms_shorthand,assistant-noisy-en,"English SMS/noisy variant constructed with abbreviations, shorthand, spelling reduction, and/or colloquial syntax."
UE02_HI_DEV_FORMAL,UE02,Unknown / Pseudo Entity,Hindi,Devanagari,Formal,"मैंने अपना Zelmar मेज़ पर छोड़ा था, लेकिन अब मुझे वह नहीं मिल रहा है।",I can't find the Zelmar I left on my desk.,N/A,No,N/A,N/A,N/A,No,none,formal,Formal core realization.
UE02_HI_DEV_NOISY,UE02,Unknown / Pseudo Entity,Hindi,Devanagari,SMS/Noisy,मुझे टेबल पे पड़ा हुआ Zelmar नहीं दिख रहा,I can't find the Zelmar I left on my desk.,N/A,No,N/A,N/A,N/A,No,colloquial_morphosyntax,user-authored-noisy,SMS/noisy wording authored by the user in Latin script; Devanagari counterpart preserves that wording rather than correcting it.
UE02_HI_LAT_FORMAL,UE02,Unknown / Pseudo Entity,Hindi,Latin,Formal,"mainne apanaa Zelmar meja़ para chhoda़aa thaa, lekina aba mujhe vaha nahiin mila rahaa hai.",I can't find the Zelmar I left on my desk.,N/A,No,N/A,N/A,N/A,No,none,formal-transliteration,Formal Romanized condition generated mechanically from the Devanagari formal sentence for script-control consistency.
UE02_HI_LAT_NOISY,UE02,Unknown / Pseudo Entity,Hindi,Latin,SMS/Noisy,Mujhe table pe pada hua Zelmar nahi dikh raha,I can't find the Zelmar I left on my desk.,N/A,No,N/A,N/A,N/A,No,colloquial_morphosyntax,user-authored-noisy,SMS/noisy wording authored by the user in Latin script; Devanagari counterpart preserves that wording rather than correcting it.
UE02_MR_DEV_FORMAL,UE02,Unknown / Pseudo Entity,Marathi,Devanagari,Formal,"मी माझा Zelmar टेबलवर ठेवला होता, पण आता तो मला सापडत नाही।",I can't find the Zelmar I left on my desk.,N/A,No,N/A,N/A,N/A,No,none,formal,Formal core realization.
UE02_MR_DEV_NOISY,UE02,Unknown / Pseudo Entity,Marathi,Devanagari,SMS/Noisy,मला माझा झेलमार सापडत नाही...मी डेस्कवर ठेवलेला...,I can't find the Zelmar I left on my desk.,N/A,No,N/A,N/A,N/A,No,orthographic_noise; colloquial_morphosyntax,user-authored-noisy,SMS/noisy wording authored by the user in Latin script; Devanagari counterpart preserves that wording rather than correcting it.
UE02_MR_LAT_FORMAL,UE02,Unknown / Pseudo Entity,Marathi,Latin,Formal,"mii maajhaa Zelmar tebalavara thevalaa hotaa, pana aataa to malaa saapadata naahii.",I can't find the Zelmar I left on my desk.,N/A,No,N/A,N/A,N/A,No,none,formal-transliteration,Formal Romanized condition generated mechanically from the Devanagari formal sentence for script-control consistency.
UE02_MR_LAT_NOISY,UE02,Unknown / Pseudo Entity,Marathi,Latin,SMS/Noisy,Mala majha jhelmar sapdat nahi...me desk var thevlela...,I can't find the Zelmar I left on my desk.,N/A,No,N/A,N/A,N/A,No,orthographic_noise; colloquial_morphosyntax,user-authored-noisy,SMS/noisy wording authored by the user in Latin script; Devanagari counterpart preserves that wording rather than correcting it.
UE03_EN_LAT_FORMAL,UE03,Unknown / Pseudo Entity,English,Latin,Formal,The Tavik stopped responding after the update.,The Tavik stopped responding after the update.,N/A,No,N/A,N/A,N/A,No,none,formal,Formal core realization.
UE03_EN_LAT_NOISY,UE03,Unknown / Pseudo Entity,English,Latin,SMS/Noisy,Tavik stopped responding after upd8,The Tavik stopped responding after the update.,N/A,No,N/A,N/A,N/A,No,abbreviation; orthographic_noise; sms_shorthand,assistant-noisy-en,"English SMS/noisy variant constructed with abbreviations, shorthand, spelling reduction, and/or colloquial syntax."
UE03_HI_DEV_FORMAL,UE03,Unknown / Pseudo Entity,Hindi,Devanagari,Formal,अपडेट के बाद Tavik ने प्रतिक्रिया देना बंद कर दिया।,The Tavik stopped responding after the update.,N/A,No,N/A,N/A,N/A,No,none,formal,Formal core realization.
UE03_HI_DEV_NOISY,UE03,Unknown / Pseudo Entity,Hindi,Devanagari,SMS/Noisy,Tavik ने अपडेट के बाद जवाब देना ही बंद कर दिया है!,The Tavik stopped responding after the update.,N/A,No,N/A,N/A,N/A,No,colloquial_morphosyntax,user-authored-noisy,SMS/noisy wording authored by the user in Latin script; Devanagari counterpart preserves that wording rather than correcting it.
UE03_HI_LAT_FORMAL,UE03,Unknown / Pseudo Entity,Hindi,Latin,Formal,apadeta ke baada Tavik ne pratikriyaa denaa banda kara diyaa.,The Tavik stopped responding after the update.,N/A,No,N/A,N/A,N/A,No,none,formal-transliteration,Formal Romanized condition generated mechanically from the Devanagari formal sentence for script-control consistency.
UE03_HI_LAT_NOISY,UE03,Unknown / Pseudo Entity,Hindi,Latin,SMS/Noisy,Tavik ne update ke baad jawab denahi bnd kar diya hai!,The Tavik stopped responding after the update.,N/A,No,N/A,N/A,N/A,No,colloquial_morphosyntax,user-authored-noisy,SMS/noisy wording authored by the user in Latin script; Devanagari counterpart preserves that wording rather than correcting it.
UE03_MR_DEV_FORMAL,UE03,Unknown / Pseudo Entity,Marathi,Devanagari,Formal,अपडेटनंतर Tavik ने प्रतिसाद देणे बंद केले।,The Tavik stopped responding after the update.,N/A,No,N/A,N/A,N/A,No,none,formal,Formal core realization.
UE03_MR_DEV_NOISY,UE03,Unknown / Pseudo Entity,Marathi,Devanagari,SMS/Noisy,Tavik रिस्पॉन्ड करत नाहीये अपडेटनंतर,The Tavik stopped responding after the update.,N/A,No,N/A,N/A,N/A,No,colloquial_morphosyntax,user-authored-noisy,SMS/noisy wording authored by the user in Latin script; Devanagari counterpart preserves that wording rather than correcting it.
UE03_MR_LAT_FORMAL,UE03,Unknown / Pseudo Entity,Marathi,Latin,Formal,apadetanantara Tavik ne pratisaada dene banda kele.,The Tavik stopped responding after the update.,N/A,No,N/A,N/A,N/A,No,none,formal-transliteration,Formal Romanized condition generated mechanically from the Devanagari formal sentence for script-control consistency.
UE03_MR_LAT_NOISY,UE03,Unknown / Pseudo Entity,Marathi,Latin,SMS/Noisy,tavik respond karat nahiye update nantarr,The Tavik stopped responding after the update.,N/A,No,N/A,N/A,N/A,No,colloquial_morphosyntax,user-authored-noisy,SMS/noisy wording authored by the user in Latin script; Devanagari counterpart preserves that wording rather than correcting it.
UE04_EN_LAT_FORMAL,UE04,Unknown / Pseudo Entity,English,Latin,Formal,Someone moved the Norven from my room.,Someone moved the Norven from my room.,N/A,No,N/A,N/A,N/A,No,none,formal,Formal core realization.
UE04_EN_LAT_NOISY,UE04,Unknown / Pseudo Entity,English,Latin,SMS/Noisy,sm1 moved the Norven from my room,Someone moved the Norven from my room.,N/A,No,N/A,N/A,N/A,No,abbreviation; orthographic_noise; sms_shorthand,assistant-noisy-en,"English SMS/noisy variant constructed with abbreviations, shorthand, spelling reduction, and/or colloquial syntax."
UE04_HI_DEV_FORMAL,UE04,Unknown / Pseudo Entity,Hindi,Devanagari,Formal,किसी ने मेरे कमरे से Norven हटा दिया।,Someone moved the Norven from my room.,N/A,No,N/A,N/A,N/A,No,none,formal,Formal core realization.
UE04_HI_DEV_NOISY,UE04,Unknown / Pseudo Entity,Hindi,Devanagari,SMS/Noisy,किसी ने मेरे रूम से Norven गायब हैई,Someone moved the Norven from my room.,N/A,No,N/A,N/A,N/A,No,colloquial_morphosyntax,user-authored-noisy,SMS/noisy wording authored by the user in Latin script; Devanagari counterpart preserves that wording rather than correcting it.
UE04_HI_LAT_FORMAL,UE04,Unknown / Pseudo Entity,Hindi,Latin,Formal,kisii ne mere kamare se Norven hataa diyaa.,Someone moved the Norven from my room.,N/A,No,N/A,N/A,N/A,No,none,formal-transliteration,Formal Romanized condition generated mechanically from the Devanagari formal sentence for script-control consistency.
UE04_HI_LAT_NOISY,UE04,Unknown / Pseudo Entity,Hindi,Latin,SMS/Noisy,Kisine mere room se norven gayab haii,Someone moved the Norven from my room.,N/A,No,N/A,N/A,N/A,No,colloquial_morphosyntax,user-authored-noisy,SMS/noisy wording authored by the user in Latin script; Devanagari counterpart preserves that wording rather than correcting it.
UE04_MR_DEV_FORMAL,UE04,Unknown / Pseudo Entity,Marathi,Devanagari,Formal,कोणीतरी माझ्या खोलीतून Norven हलवले।,Someone moved the Norven from my room.,N/A,No,N/A,N/A,N/A,No,none,formal,Formal core realization.
UE04_MR_DEV_NOISY,UE04,Unknown / Pseudo Entity,Marathi,Devanagari,SMS/Noisy,कोणीतरी माझा Norven हलवला यार...शिट,Someone moved the Norven from my room.,N/A,No,N/A,N/A,N/A,No,orthographic_noise; colloquial_morphosyntax,user-authored-noisy,SMS/noisy wording authored by the user in Latin script; Devanagari counterpart preserves that wording rather than correcting it.
UE04_MR_LAT_FORMAL,UE04,Unknown / Pseudo Entity,Marathi,Latin,Formal,koniitarii maajhyaa kholiituuna Norven halavale.,Someone moved the Norven from my room.,N/A,No,N/A,N/A,N/A,No,none,formal-transliteration,Formal Romanized condition generated mechanically from the Devanagari formal sentence for script-control consistency.
UE04_MR_LAT_NOISY,UE04,Unknown / Pseudo Entity,Marathi,Latin,SMS/Noisy,Konitari majha norven halavla yarr...shit,Someone moved the Norven from my room.,N/A,No,N/A,N/A,N/A,No,orthographic_noise; colloquial_morphosyntax,user-authored-noisy,SMS/noisy wording authored by the user in Latin script; Devanagari counterpart preserves that wording rather than correcting it.
UE05_EN_LAT_FORMAL,UE05,Unknown / Pseudo Entity,English,Latin,Formal,My Kaltek keeps showing the same error.,My Kaltek keeps showing the same error.,N/A,No,N/A,N/A,N/A,No,none,formal,Formal core realization.
UE05_EN_LAT_NOISY,UE05,Unknown / Pseudo Entity,English,Latin,SMS/Noisy,my Kaltek keeps showing same err,My Kaltek keeps showing the same error.,N/A,No,N/A,N/A,N/A,No,sms_shorthand,assistant-noisy-en,"English SMS/noisy variant constructed with abbreviations, shorthand, spelling reduction, and/or colloquial syntax."
UE05_HI_DEV_FORMAL,UE05,Unknown / Pseudo Entity,Hindi,Devanagari,Formal,मेरा Kaltek बार-बार वही त्रुटि दिखा रहा है।,My Kaltek keeps showing the same error.,N/A,No,N/A,N/A,N/A,No,none,formal,Formal core realization.
UE05_HI_DEV_NOISY,UE05,Unknown / Pseudo Entity,Hindi,Devanagari,SMS/Noisy,मेरा Kaltek तो कब से सेम ही चीज़ दिखा रहा है,My Kaltek keeps showing the same error.,N/A,No,N/A,N/A,N/A,No,colloquial_morphosyntax,user-authored-noisy,SMS/noisy wording authored by the user in Latin script; Devanagari counterpart preserves that wording rather than correcting it.
UE05_HI_LAT_FORMAL,UE05,Unknown / Pseudo Entity,Hindi,Latin,Formal,meraa Kaltek baara-baara vahii truti dikhaa rahaa hai.,My Kaltek keeps showing the same error.,N/A,No,N/A,N/A,N/A,No,none,formal-transliteration,Formal Romanized condition generated mechanically from the Devanagari formal sentence for script-control consistency.
UE05_HI_LAT_NOISY,UE05,Unknown / Pseudo Entity,Hindi,Latin,SMS/Noisy,Mera kaltek to kab se same hi cheese dikha raha hai,My Kaltek keeps showing the same error.,N/A,No,N/A,N/A,N/A,No,code_mixing; colloquial_morphosyntax,user-authored-noisy,SMS/noisy wording authored by the user in Latin script; Devanagari counterpart preserves that wording rather than correcting it.
UE05_MR_DEV_FORMAL,UE05,Unknown / Pseudo Entity,Marathi,Devanagari,Formal,माझा Kaltek वारंवार तीच त्रुटी दाखवत आहे।,My Kaltek keeps showing the same error.,N/A,No,N/A,N/A,N/A,No,none,formal,Formal core realization.
UE05_MR_DEV_NOISY,UE05,Unknown / Pseudo Entity,Marathi,Devanagari,SMS/Noisy,माझा Kaltek तर सेमच एरर दाखवतोय कधीच...,My Kaltek keeps showing the same error.,N/A,No,N/A,N/A,N/A,No,orthographic_noise; colloquial_morphosyntax,user-authored-noisy,SMS/noisy wording authored by the user in Latin script; Devanagari counterpart preserves that wording rather than correcting it.
UE05_MR_LAT_FORMAL,UE05,Unknown / Pseudo Entity,Marathi,Latin,Formal,maajhaa Kaltek vaaranvaara tiicha trutii daakhavata aahe.,My Kaltek keeps showing the same error.,N/A,No,N/A,N/A,N/A,No,none,formal-transliteration,Formal Romanized condition generated mechanically from the Devanagari formal sentence for script-control consistency.
UE05_MR_LAT_NOISY,UE05,Unknown / Pseudo Entity,Marathi,Latin,SMS/Noisy,majha kaltek tar samech error dakhavtay kdhch...,My Kaltek keeps showing the same error.,N/A,No,N/A,N/A,N/A,No,code_mixing; orthographic_noise; colloquial_morphosyntax,user-authored-noisy,SMS/noisy wording authored by the user in Latin script; Devanagari counterpart preserves that wording rather than correcting it.
UE06_EN_LAT_FORMAL,UE06,Unknown / Pseudo Entity,English,Latin,Formal,I ordered a Virel online yesterday.,I ordered a Virel online yesterday.,N/A,No,N/A,N/A,N/A,No,none,formal,Formal core realization.
UE06_EN_LAT_NOISY,UE06,Unknown / Pseudo Entity,English,Latin,SMS/Noisy,ordered a Virel online yday,I ordered a Virel online yesterday.,N/A,No,N/A,N/A,N/A,No,sms_shorthand,assistant-noisy-en,"English SMS/noisy variant constructed with abbreviations, shorthand, spelling reduction, and/or colloquial syntax."
UE06_HI_DEV_FORMAL,UE06,Unknown / Pseudo Entity,Hindi,Devanagari,Formal,मैंने कल ऑनलाइन एक Virel ऑर्डर किया था।,I ordered a Virel online yesterday.,N/A,No,N/A,N/A,N/A,No,none,formal,Formal core realization.
UE06_HI_DEV_NOISY,UE06,Unknown / Pseudo Entity,Hindi,Devanagari,SMS/Noisy,मैंने कल Virel मंगाया हैई ऑनलाइन से,I ordered a Virel online yesterday.,N/A,No,N/A,N/A,N/A,No,colloquial_morphosyntax,user-authored-noisy,SMS/noisy wording authored by the user in Latin script; Devanagari counterpart preserves that wording rather than correcting it.
UE06_HI_LAT_FORMAL,UE06,Unknown / Pseudo Entity,Hindi,Latin,Formal,mainne kala onalaaina eka Virel ordara kiyaa thaa.,I ordered a Virel online yesterday.,N/A,No,N/A,N/A,N/A,No,none,formal-transliteration,Formal Romanized condition generated mechanically from the Devanagari formal sentence for script-control consistency.
UE06_HI_LAT_NOISY,UE06,Unknown / Pseudo Entity,Hindi,Latin,SMS/Noisy,Meine kal virel mangaya haii online se,I ordered a Virel online yesterday.,N/A,No,N/A,N/A,N/A,No,code_mixing; colloquial_morphosyntax,user-authored-noisy,SMS/noisy wording authored by the user in Latin script; Devanagari counterpart preserves that wording rather than correcting it.
UE06_MR_DEV_FORMAL,UE06,Unknown / Pseudo Entity,Marathi,Devanagari,Formal,मी काल ऑनलाइन एक Virel मागवला।,I ordered a Virel online yesterday.,N/A,No,N/A,N/A,N/A,No,none,formal,Formal core realization.
UE06_MR_DEV_NOISY,UE06,Unknown / Pseudo Entity,Marathi,Devanagari,SMS/Noisy,मी Virel काल ऑनलाइन मागवला,I ordered a Virel online yesterday.,N/A,No,N/A,N/A,N/A,No,colloquial_morphosyntax,user-authored-noisy,SMS/noisy wording authored by the user in Latin script; Devanagari counterpart preserves that wording rather than correcting it.
UE06_MR_LAT_FORMAL,UE06,Unknown / Pseudo Entity,Marathi,Latin,Formal,mii kaala onalaaina eka Virel maagavalaa.,I ordered a Virel online yesterday.,N/A,No,N/A,N/A,N/A,No,none,formal-transliteration,Formal Romanized condition generated mechanically from the Devanagari formal sentence for script-control consistency.
UE06_MR_LAT_NOISY,UE06,Unknown / Pseudo Entity,Marathi,Latin,SMS/Noisy,Me virel kal online magavla,I ordered a Virel online yesterday.,N/A,No,N/A,N/A,N/A,No,code_mixing; colloquial_morphosyntax,user-authored-noisy,SMS/noisy wording authored by the user in Latin script; Devanagari counterpart preserves that wording rather than correcting it.
UE07_EN_LAT_FORMAL,UE07,Unknown / Pseudo Entity,English,Latin,Formal,The Dovan disappeared from the screen.,The Dovan disappeared from the screen.,N/A,No,N/A,N/A,N/A,No,none,formal,Formal core realization.
UE07_EN_LAT_NOISY,UE07,Unknown / Pseudo Entity,English,Latin,SMS/Noisy,Dovan just vanished frm the screen,The Dovan disappeared from the screen.,N/A,No,N/A,N/A,N/A,No,sms_shorthand,assistant-noisy-en,"English SMS/noisy variant constructed with abbreviations, shorthand, spelling reduction, and/or colloquial syntax."
UE07_HI_DEV_FORMAL,UE07,Unknown / Pseudo Entity,Hindi,Devanagari,Formal,Dovan स्क्रीन से गायब हो गया।,The Dovan disappeared from the screen.,N/A,No,N/A,N/A,N/A,No,none,formal,Formal core realization.
UE07_HI_DEV_NOISY,UE07,Unknown / Pseudo Entity,Hindi,Devanagari,SMS/Noisy,Dovan तो स्क्रीन पे है ही नहीं,The Dovan disappeared from the screen.,N/A,No,N/A,N/A,N/A,No,colloquial_morphosyntax,user-authored-noisy,SMS/noisy wording authored by the user in Latin script; Devanagari counterpart preserves that wording rather than correcting it.
UE07_HI_LAT_FORMAL,UE07,Unknown / Pseudo Entity,Hindi,Latin,Formal,Dovan skriina se gaayaba ho gayaa.,The Dovan disappeared from the screen.,N/A,No,N/A,N/A,N/A,No,none,formal-transliteration,Formal Romanized condition generated mechanically from the Devanagari formal sentence for script-control consistency.
UE07_HI_LAT_NOISY,UE07,Unknown / Pseudo Entity,Hindi,Latin,SMS/Noisy,Dovan to screen pe hai hi nahi,The Dovan disappeared from the screen.,N/A,No,N/A,N/A,N/A,No,colloquial_morphosyntax,user-authored-noisy,SMS/noisy wording authored by the user in Latin script; Devanagari counterpart preserves that wording rather than correcting it.
UE07_MR_DEV_FORMAL,UE07,Unknown / Pseudo Entity,Marathi,Devanagari,Formal,Dovan स्क्रीनवरून गायब झाला।,The Dovan disappeared from the screen.,N/A,No,N/A,N/A,N/A,No,none,formal,Formal core realization.
UE07_MR_DEV_NOISY,UE07,Unknown / Pseudo Entity,Marathi,Devanagari,SMS/Noisy,Dovan स्क्रीनवरून गायबच झाला एकदम...,The Dovan disappeared from the screen.,N/A,No,N/A,N/A,N/A,No,orthographic_noise; colloquial_morphosyntax,user-authored-noisy,SMS/noisy wording authored by the user in Latin script; Devanagari counterpart preserves that wording rather than correcting it.
UE07_MR_LAT_FORMAL,UE07,Unknown / Pseudo Entity,Marathi,Latin,Formal,Dovan skriinavaruuna gaayaba jhaalaa.,The Dovan disappeared from the screen.,N/A,No,N/A,N/A,N/A,No,none,formal-transliteration,Formal Romanized condition generated mechanically from the Devanagari formal sentence for script-control consistency.
UE07_MR_LAT_NOISY,UE07,Unknown / Pseudo Entity,Marathi,Latin,SMS/Noisy,Dovan screen varna gayabach jhala ekdum...,The Dovan disappeared from the screen.,N/A,No,N/A,N/A,N/A,No,orthographic_noise; colloquial_morphosyntax,user-authored-noisy,SMS/noisy wording authored by the user in Latin script; Devanagari counterpart preserves that wording rather than correcting it.
UE08_EN_LAT_FORMAL,UE08,Unknown / Pseudo Entity,English,Latin,Formal,I need to reset my Merak before tomorrow.,I need to reset my Merak before tomorrow.,N/A,No,N/A,N/A,N/A,No,none,formal,Formal core realization.
UE08_EN_LAT_NOISY,UE08,Unknown / Pseudo Entity,English,Latin,SMS/Noisy,need to reset my Merak b4 tmrw,I need to reset my Merak before tomorrow.,N/A,No,N/A,N/A,N/A,No,abbreviation; orthographic_noise; sms_shorthand,assistant-noisy-en,"English SMS/noisy variant constructed with abbreviations, shorthand, spelling reduction, and/or colloquial syntax."
UE08_HI_DEV_FORMAL,UE08,Unknown / Pseudo Entity,Hindi,Devanagari,Formal,मुझे कल से पहले अपना Merak रीसेट करना है।,I need to reset my Merak before tomorrow.,N/A,No,N/A,N/A,N/A,No,none,formal,Formal core realization.
UE08_HI_DEV_NOISY,UE08,Unknown / Pseudo Entity,Hindi,Devanagari,SMS/Noisy,मुझे Merak को कल रीसेट करनेय,I need to reset my Merak before tomorrow.,N/A,No,N/A,N/A,N/A,No,colloquial_morphosyntax,user-authored-noisy,SMS/noisy wording authored by the user in Latin script; Devanagari counterpart preserves that wording rather than correcting it.
UE08_HI_LAT_FORMAL,UE08,Unknown / Pseudo Entity,Hindi,Latin,Formal,mujhe kala se pahale apanaa Merak riiseta karanaa hai.,I need to reset my Merak before tomorrow.,N/A,No,N/A,N/A,N/A,No,none,formal-transliteration,Formal Romanized condition generated mechanically from the Devanagari formal sentence for script-control consistency.
UE08_HI_LAT_NOISY,UE08,Unknown / Pseudo Entity,Hindi,Latin,SMS/Noisy,Mujhe merak ko kal reset karnay,I need to reset my Merak before tomorrow.,N/A,No,N/A,N/A,N/A,No,code_mixing; colloquial_morphosyntax,user-authored-noisy,SMS/noisy wording authored by the user in Latin script; Devanagari counterpart preserves that wording rather than correcting it.
UE08_MR_DEV_FORMAL,UE08,Unknown / Pseudo Entity,Marathi,Devanagari,Formal,मला उद्यापूर्वी माझा Merak रीसेट करायचा आहे।,I need to reset my Merak before tomorrow.,N/A,No,N/A,N/A,N/A,No,none,formal,Formal core realization.
UE08_MR_DEV_NOISY,UE08,Unknown / Pseudo Entity,Marathi,Devanagari,SMS/Noisy,मला ते Merak रीसेट करावं लागेल उद्याच्या आधी,I need to reset my Merak before tomorrow.,N/A,No,N/A,N/A,N/A,No,colloquial_morphosyntax,user-authored-noisy,SMS/noisy wording authored by the user in Latin script; Devanagari counterpart preserves that wording rather than correcting it.
UE08_MR_LAT_FORMAL,UE08,Unknown / Pseudo Entity,Marathi,Latin,Formal,malaa udyaapuurvii maajhaa Merak riiseta karaayachaa aahe.,I need to reset my Merak before tomorrow.,N/A,No,N/A,N/A,N/A,No,none,formal-transliteration,Formal Romanized condition generated mechanically from the Devanagari formal sentence for script-control consistency.
UE08_MR_LAT_NOISY,UE08,Unknown / Pseudo Entity,Marathi,Latin,SMS/Noisy,Mala te merak reset karava lagel udyachya adhi,I need to reset my Merak before tomorrow.,N/A,No,N/A,N/A,N/A,No,code_mixing; colloquial_morphosyntax,user-authored-noisy,SMS/noisy wording authored by the user in Latin script; Devanagari counterpart preserves that wording rather than correcting it.
UE09_EN_LAT_FORMAL,UE09,Unknown / Pseudo Entity,English,Latin,Formal,"The Solvik is connected, but nothing happens.","The Solvik is connected, but nothing happens.",N/A,No,N/A,N/A,N/A,No,none,formal,Formal core realization.
UE09_EN_LAT_NOISY,UE09,Unknown / Pseudo Entity,English,Latin,SMS/Noisy,Solvik is connected but nthng happens,"The Solvik is connected, but nothing happens.",N/A,No,N/A,N/A,N/A,No,abbreviation; sms_shorthand,assistant-noisy-en,"English SMS/noisy variant constructed with abbreviations, shorthand, spelling reduction, and/or colloquial syntax."
UE09_HI_DEV_FORMAL,UE09,Unknown / Pseudo Entity,Hindi,Devanagari,Formal,"Solvik जुड़ा हुआ है, लेकिन कुछ नहीं हो रहा है।","The Solvik is connected, but nothing happens.",N/A,No,N/A,N/A,N/A,No,none,formal,Formal core realization.
UE09_HI_DEV_NOISY,UE09,Unknown / Pseudo Entity,Hindi,Devanagari,SMS/Noisy,"Solvik तो कनेक्ट हो गया, पर कुछ होता ही नहीं","The Solvik is connected, but nothing happens.",N/A,No,N/A,N/A,N/A,No,colloquial_morphosyntax,user-authored-noisy,SMS/noisy wording authored by the user in Latin script; Devanagari counterpart preserves that wording rather than correcting it.
UE09_HI_LAT_FORMAL,UE09,Unknown / Pseudo Entity,Hindi,Latin,Formal,"Solvik juda़aa huaa hai, lekina kuchha nahiin ho rahaa hai.","The Solvik is connected, but nothing happens.",N/A,No,N/A,N/A,N/A,No,none,formal-transliteration,Formal Romanized condition generated mechanically from the Devanagari formal sentence for script-control consistency.
UE09_HI_LAT_NOISY,UE09,Unknown / Pseudo Entity,Hindi,Latin,SMS/Noisy,"Solvik to connect ho gaya, par kuch hota hi nhi","The Solvik is connected, but nothing happens.",N/A,No,N/A,N/A,N/A,No,code_mixing; colloquial_morphosyntax,user-authored-noisy,SMS/noisy wording authored by the user in Latin script; Devanagari counterpart preserves that wording rather than correcting it.
UE09_MR_DEV_FORMAL,UE09,Unknown / Pseudo Entity,Marathi,Devanagari,Formal,"Solvik जोडलेले आहे, पण काहीच होत नाही।","The Solvik is connected, but nothing happens.",N/A,No,N/A,N/A,N/A,No,none,formal,Formal core realization.
UE09_MR_DEV_NOISY,UE09,Unknown / Pseudo Entity,Marathi,Devanagari,SMS/Noisy,Solvik तर जोडलेलं आहे पण काहीच होत नाही....,"The Solvik is connected, but nothing happens.",N/A,No,N/A,N/A,N/A,No,orthographic_noise; colloquial_morphosyntax,user-authored-noisy,SMS/noisy wording authored by the user in Latin script; Devanagari counterpart preserves that wording rather than correcting it.
UE09_MR_LAT_FORMAL,UE09,Unknown / Pseudo Entity,Marathi,Latin,Formal,"Solvik jodalele aahe, pana kaahiicha hota naahii.","The Solvik is connected, but nothing happens.",N/A,No,N/A,N/A,N/A,No,none,formal-transliteration,Formal Romanized condition generated mechanically from the Devanagari formal sentence for script-control consistency.
UE09_MR_LAT_NOISY,UE09,Unknown / Pseudo Entity,Marathi,Latin,SMS/Noisy,Solvik tar jodlela ahe pan kahich hot nhy....,"The Solvik is connected, but nothing happens.",N/A,No,N/A,N/A,N/A,No,orthographic_noise; colloquial_morphosyntax,user-authored-noisy,SMS/noisy wording authored by the user in Latin script; Devanagari counterpart preserves that wording rather than correcting it.
UE10_EN_LAT_FORMAL,UE10,Unknown / Pseudo Entity,English,Latin,Formal,I received a message from the Ravel this morning.,I received a message from the Ravel this morning.,N/A,No,N/A,N/A,N/A,No,none,formal,Formal core realization.
UE10_EN_LAT_NOISY,UE10,Unknown / Pseudo Entity,English,Latin,SMS/Noisy,got a msg frm Ravel this morn,I received a message from the Ravel this morning.,N/A,No,N/A,N/A,N/A,No,abbreviation; sms_shorthand,assistant-noisy-en,"English SMS/noisy variant constructed with abbreviations, shorthand, spelling reduction, and/or colloquial syntax."
UE10_HI_DEV_FORMAL,UE10,Unknown / Pseudo Entity,Hindi,Devanagari,Formal,मुझे आज सुबह Ravel से एक संदेश मिला।,I received a message from the Ravel this morning.,N/A,No,N/A,N/A,N/A,No,none,formal,Formal core realization.
UE10_HI_DEV_NOISY,UE10,Unknown / Pseudo Entity,Hindi,Devanagari,SMS/Noisy,Ravel वालों ने मुझे आज सुबह msg भेजा है,I received a message from the Ravel this morning.,N/A,No,N/A,N/A,N/A,No,abbreviation; colloquial_morphosyntax,user-authored-noisy,SMS/noisy wording authored by the user in Latin script; Devanagari counterpart preserves that wording rather than correcting it.
UE10_HI_LAT_FORMAL,UE10,Unknown / Pseudo Entity,Hindi,Latin,Formal,mujhe aaja subaha Ravel se eka sandesha milaa.,I received a message from the Ravel this morning.,N/A,No,N/A,N/A,N/A,No,none,formal-transliteration,Formal Romanized condition generated mechanically from the Devanagari formal sentence for script-control consistency.
UE10_HI_LAT_NOISY,UE10,Unknown / Pseudo Entity,Hindi,Latin,SMS/Noisy,Ravel walo ne mujhe aaj subah msg bheja hai,I received a message from the Ravel this morning.,N/A,No,N/A,N/A,N/A,No,abbreviation; colloquial_morphosyntax,user-authored-noisy,SMS/noisy wording authored by the user in Latin script; Devanagari counterpart preserves that wording rather than correcting it.
UE10_MR_DEV_FORMAL,UE10,Unknown / Pseudo Entity,Marathi,Devanagari,Formal,मला आज सकाळी Ravel कडून एक संदेश मिळाला।,I received a message from the Ravel this morning.,N/A,No,N/A,N/A,N/A,No,none,formal,Formal core realization.
UE10_MR_DEV_NOISY,UE10,Unknown / Pseudo Entity,Marathi,Devanagari,SMS/Noisy,मला सकाळी Ravel कडनं msg आलाय काहीतरी....,I received a message from the Ravel this morning.,N/A,No,N/A,N/A,N/A,No,abbreviation; orthographic_noise; colloquial_morphosyntax,user-authored-noisy,SMS/noisy wording authored by the user in Latin script; Devanagari counterpart preserves that wording rather than correcting it.
UE10_MR_LAT_FORMAL,UE10,Unknown / Pseudo Entity,Marathi,Latin,Formal,malaa aaja sakaalii Ravel kaduuna eka sandesha milaalaa.,I received a message from the Ravel this morning.,N/A,No,N/A,N/A,N/A,No,none,formal-transliteration,Formal Romanized condition generated mechanically from the Devanagari formal sentence for script-control consistency.
UE10_MR_LAT_NOISY,UE10,Unknown / Pseudo Entity,Marathi,Latin,SMS/Noisy,Mala sakali ravel kadna msg alay kahitari....,I received a message from the Ravel this morning.,N/A,No,N/A,N/A,N/A,No,abbreviation; orthographic_noise; colloquial_morphosyntax,user-authored-noisy,SMS/noisy wording authored by the user in Latin script; Devanagari counterpart preserves that wording rather than correcting it.
ST01_EN_LAT_FORMAL,ST01,Ambiguous System Term,English,Latin,Formal,My application was rejected yesterday.,My application was rejected yesterday.,N/A,No,N/A,N/A,N/A,No,none,formal,Formal core realization.
ST01_EN_LAT_NOISY,ST01,Ambiguous System Term,English,Latin,SMS/Noisy,my application got rejected yday,My application was rejected yesterday.,N/A,No,N/A,N/A,N/A,No,sms_shorthand,assistant-noisy-en,"English SMS/noisy variant constructed with abbreviations, shorthand, spelling reduction, and/or colloquial syntax."
ST01_HI_DEV_FORMAL,ST01,Ambiguous System Term,Hindi,Devanagari,Formal,मेरा आवेदन कल अस्वीकार कर दिया गया।,My application was rejected yesterday.,N/A,No,N/A,N/A,N/A,No,none,formal,Formal core realization.
ST01_HI_DEV_NOISY,ST01,Ambiguous System Term,Hindi,Devanagari,SMS/Noisy,मेरा तो application रद्द करा कल,My application was rejected yesterday.,N/A,No,N/A,N/A,N/A,No,code_mixing; colloquial_morphosyntax,user-authored-noisy,SMS/noisy wording authored by the user in Latin script; Devanagari counterpart preserves that wording rather than correcting it.
ST01_HI_LAT_FORMAL,ST01,Ambiguous System Term,Hindi,Latin,Formal,meraa aavedana kala asviikaara kara diyaa gayaa.,My application was rejected yesterday.,N/A,No,N/A,N/A,N/A,No,none,formal-transliteration,Formal Romanized condition generated mechanically from the Devanagari formal sentence for script-control consistency.
ST01_HI_LAT_NOISY,ST01,Ambiguous System Term,Hindi,Latin,SMS/Noisy,Mera to application radd kara kal,My application was rejected yesterday.,N/A,No,N/A,N/A,N/A,No,code_mixing; colloquial_morphosyntax,user-authored-noisy,SMS/noisy wording authored by the user in Latin script; Devanagari counterpart preserves that wording rather than correcting it.
ST01_MR_DEV_FORMAL,ST01,Ambiguous System Term,Marathi,Devanagari,Formal,माझा अर्ज काल नाकारण्यात आला।,My application was rejected yesterday.,N/A,No,N/A,N/A,N/A,No,none,formal,Formal core realization.
ST01_MR_DEV_NOISY,ST01,Ambiguous System Term,Marathi,Devanagari,SMS/Noisy,माझा application मान्य नाही झालाय,My application was rejected yesterday.,N/A,No,N/A,N/A,N/A,No,code_mixing; colloquial_morphosyntax,user-authored-noisy,SMS/noisy wording authored by the user in Latin script; Devanagari counterpart preserves that wording rather than correcting it.
ST01_MR_LAT_FORMAL,ST01,Ambiguous System Term,Marathi,Latin,Formal,maajhaa arja kaala naakaaranyaata aalaa.,My application was rejected yesterday.,N/A,No,N/A,N/A,N/A,No,none,formal-transliteration,Formal Romanized condition generated mechanically from the Devanagari formal sentence for script-control consistency.
ST01_MR_LAT_NOISY,ST01,Ambiguous System Term,Marathi,Latin,SMS/Noisy,Majha application manya nahi jhalay,My application was rejected yesterday.,N/A,No,N/A,N/A,N/A,No,code_mixing; colloquial_morphosyntax,user-authored-noisy,SMS/noisy wording authored by the user in Latin script; Devanagari counterpart preserves that wording rather than correcting it.
ST02_EN_LAT_FORMAL,ST02,Ambiguous System Term,English,Latin,Formal,The model crashed during the test.,The model crashed during the test.,N/A,No,N/A,N/A,N/A,No,none,formal,Formal core realization.
ST02_EN_LAT_NOISY,ST02,Ambiguous System Term,English,Latin,SMS/Noisy,model crashed during the test lol,The model crashed during the test.,N/A,No,N/A,N/A,N/A,No,sms_shorthand,assistant-noisy-en,"English SMS/noisy variant constructed with abbreviations, shorthand, spelling reduction, and/or colloquial syntax."
ST02_HI_DEV_FORMAL,ST02,Ambiguous System Term,Hindi,Devanagari,Formal,परीक्षण के दौरान मॉडल क्रैश हो गया।,The model crashed during the test.,N/A,No,N/A,N/A,N/A,No,none,formal,Formal core realization.
ST02_HI_DEV_NOISY,ST02,Ambiguous System Term,Hindi,Devanagari,SMS/Noisy,model तो जाँच के टाइम crash हुआ है,The model crashed during the test.,N/A,No,N/A,N/A,N/A,No,code_mixing; colloquial_morphosyntax,user-authored-noisy,SMS/noisy wording authored by the user in Latin script; Devanagari counterpart preserves that wording rather than correcting it.
ST02_HI_LAT_FORMAL,ST02,Ambiguous System Term,Hindi,Latin,Formal,pariikshana ke dauraana modala kraisha ho gayaa.,The model crashed during the test.,N/A,No,N/A,N/A,N/A,No,none,formal-transliteration,Formal Romanized condition generated mechanically from the Devanagari formal sentence for script-control consistency.
ST02_HI_LAT_NOISY,ST02,Ambiguous System Term,Hindi,Latin,SMS/Noisy,model to jaach ke time crash hua hai,The model crashed during the test.,N/A,No,N/A,N/A,N/A,No,code_mixing; colloquial_morphosyntax,user-authored-noisy,SMS/noisy wording authored by the user in Latin script; Devanagari counterpart preserves that wording rather than correcting it.
ST02_MR_DEV_FORMAL,ST02,Ambiguous System Term,Marathi,Devanagari,Formal,चाचणीदरम्यान मॉडेल क्रॅश झाले।,The model crashed during the test.,N/A,No,N/A,N/A,N/A,No,none,formal,Formal core realization.
ST02_MR_DEV_NOISY,ST02,Ambiguous System Term,Marathi,Devanagari,SMS/Noisy,Model तर test च्या वेळेलाच उडाला,The model crashed during the test.,N/A,No,N/A,N/A,N/A,No,code_mixing; colloquial_morphosyntax,user-authored-noisy,SMS/noisy wording authored by the user in Latin script; Devanagari counterpart preserves that wording rather than correcting it.
ST02_MR_LAT_FORMAL,ST02,Ambiguous System Term,Marathi,Latin,Formal,chaachaniidaramyaana modela kresha jhaale.,The model crashed during the test.,N/A,No,N/A,N/A,N/A,No,none,formal-transliteration,Formal Romanized condition generated mechanically from the Devanagari formal sentence for script-control consistency.
ST02_MR_LAT_NOISY,ST02,Ambiguous System Term,Marathi,Latin,SMS/Noisy,Model tar test chya velelach udala,The model crashed during the test.,N/A,No,N/A,N/A,N/A,No,code_mixing; colloquial_morphosyntax,user-authored-noisy,SMS/noisy wording authored by the user in Latin script; Devanagari counterpart preserves that wording rather than correcting it.
ST03_EN_LAT_FORMAL,ST03,Ambiguous System Term,English,Latin,Formal,My session ended unexpectedly.,My session ended unexpectedly.,N/A,No,N/A,N/A,N/A,No,none,formal,Formal core realization.
ST03_EN_LAT_NOISY,ST03,Ambiguous System Term,English,Latin,SMS/Noisy,my session just ended outta nowhere,My session ended unexpectedly.,N/A,No,N/A,N/A,N/A,No,sms_shorthand,assistant-noisy-en,"English SMS/noisy variant constructed with abbreviations, shorthand, spelling reduction, and/or colloquial syntax."
ST03_HI_DEV_FORMAL,ST03,Ambiguous System Term,Hindi,Devanagari,Formal,मेरा सत्र अचानक समाप्त हो गया।,My session ended unexpectedly.,N/A,No,N/A,N/A,N/A,No,none,formal,Formal core realization.
ST03_HI_DEV_NOISY,ST03,Ambiguous System Term,Hindi,Devanagari,SMS/Noisy,मेरा session एकदम से बंद हो गया,My session ended unexpectedly.,N/A,No,N/A,N/A,N/A,No,colloquial_morphosyntax,user-authored-noisy,SMS/noisy wording authored by the user in Latin script; Devanagari counterpart preserves that wording rather than correcting it.
ST03_HI_LAT_FORMAL,ST03,Ambiguous System Term,Hindi,Latin,Formal,meraa satra achaanaka samaapta ho gayaa.,My session ended unexpectedly.,N/A,No,N/A,N/A,N/A,No,none,formal-transliteration,Formal Romanized condition generated mechanically from the Devanagari formal sentence for script-control consistency.
ST03_HI_LAT_NOISY,ST03,Ambiguous System Term,Hindi,Latin,SMS/Noisy,Mera session ekdum se band go gaya,My session ended unexpectedly.,N/A,No,N/A,N/A,N/A,No,colloquial_morphosyntax,user-authored-noisy,SMS/noisy wording authored by the user in Latin script; Devanagari counterpart preserves that wording rather than correcting it.
ST03_MR_DEV_FORMAL,ST03,Ambiguous System Term,Marathi,Devanagari,Formal,माझे सत्र अचानक संपले।,My session ended unexpectedly.,N/A,No,N/A,N/A,N/A,No,none,formal,Formal core realization.
ST03_MR_DEV_NOISY,ST03,Ambiguous System Term,Marathi,Devanagari,SMS/Noisy,माझा session मध्येच बंद पडला,My session ended unexpectedly.,N/A,No,N/A,N/A,N/A,No,colloquial_morphosyntax,user-authored-noisy,SMS/noisy wording authored by the user in Latin script; Devanagari counterpart preserves that wording rather than correcting it.
ST03_MR_LAT_FORMAL,ST03,Ambiguous System Term,Marathi,Latin,Formal,maajhe satra achaanaka sanpale.,My session ended unexpectedly.,N/A,No,N/A,N/A,N/A,No,none,formal-transliteration,Formal Romanized condition generated mechanically from the Devanagari formal sentence for script-control consistency.
ST03_MR_LAT_NOISY,ST03,Ambiguous System Term,Marathi,Latin,SMS/Noisy,Majha session madhech band padla,My session ended unexpectedly.,N/A,No,N/A,N/A,N/A,No,colloquial_morphosyntax,user-authored-noisy,SMS/noisy wording authored by the user in Latin script; Devanagari counterpart preserves that wording rather than correcting it.
ST04_EN_LAT_FORMAL,ST04,Ambiguous System Term,English,Latin,Formal,The token is no longer valid.,The token is no longer valid.,N/A,No,N/A,N/A,N/A,No,none,formal,Formal core realization.
ST04_EN_LAT_NOISY,ST04,Ambiguous System Term,English,Latin,SMS/Noisy,token isnt valid anymore,The token is no longer valid.,N/A,No,N/A,N/A,N/A,No,sms_shorthand,assistant-noisy-en,"English SMS/noisy variant constructed with abbreviations, shorthand, spelling reduction, and/or colloquial syntax."
ST04_HI_DEV_FORMAL,ST04,Ambiguous System Term,Hindi,Devanagari,Formal,टोकन अब मान्य नहीं है।,The token is no longer valid.,N/A,No,N/A,N/A,N/A,No,none,formal,Formal core realization.
ST04_HI_DEV_NOISY,ST04,Ambiguous System Term,Hindi,Devanagari,SMS/Noisy,Token तो valid नथी,The token is no longer valid.,N/A,No,N/A,N/A,N/A,No,code_mixing; colloquial_morphosyntax,user-authored-noisy,SMS/noisy wording authored by the user in Latin script; Devanagari counterpart preserves that wording rather than correcting it.
ST04_HI_LAT_FORMAL,ST04,Ambiguous System Term,Hindi,Latin,Formal,tokana aba maanya nahiin hai.,The token is no longer valid.,N/A,No,N/A,N/A,N/A,No,none,formal-transliteration,Formal Romanized condition generated mechanically from the Devanagari formal sentence for script-control consistency.
ST04_HI_LAT_NOISY,ST04,Ambiguous System Term,Hindi,Latin,SMS/Noisy,Token to valid nathi,The token is no longer valid.,N/A,No,N/A,N/A,N/A,No,code_mixing; colloquial_morphosyntax,user-authored-noisy,SMS/noisy wording authored by the user in Latin script; Devanagari counterpart preserves that wording rather than correcting it.
ST04_MR_DEV_FORMAL,ST04,Ambiguous System Term,Marathi,Devanagari,Formal,टोकन आता वैध राहिलेले नाही।,The token is no longer valid.,N/A,No,N/A,N/A,N/A,No,none,formal,Formal core realization.
ST04_MR_DEV_NOISY,ST04,Ambiguous System Term,Marathi,Devanagari,SMS/Noisy,Token आता valid नाहीये म्हणे,The token is no longer valid.,N/A,No,N/A,N/A,N/A,No,code_mixing; colloquial_morphosyntax,user-authored-noisy,SMS/noisy wording authored by the user in Latin script; Devanagari counterpart preserves that wording rather than correcting it.
ST04_MR_LAT_FORMAL,ST04,Ambiguous System Term,Marathi,Latin,Formal,tokana aataa vaidha raahilele naahii.,The token is no longer valid.,N/A,No,N/A,N/A,N/A,No,none,formal-transliteration,Formal Romanized condition generated mechanically from the Devanagari formal sentence for script-control consistency.
ST04_MR_LAT_NOISY,ST04,Ambiguous System Term,Marathi,Latin,SMS/Noisy,Token ata valid nahiye mhane,The token is no longer valid.,N/A,No,N/A,N/A,N/A,No,code_mixing; colloquial_morphosyntax,user-authored-noisy,SMS/noisy wording authored by the user in Latin script; Devanagari counterpart preserves that wording rather than correcting it.
ST05_EN_LAT_FORMAL,ST05,Ambiguous System Term,English,Latin,Formal,The service stopped working last night.,The service stopped working last night.,N/A,No,N/A,N/A,N/A,No,none,formal,Formal core realization.
ST05_EN_LAT_NOISY,ST05,Ambiguous System Term,English,Latin,SMS/Noisy,service has been down since last nite,The service stopped working last night.,N/A,No,N/A,N/A,N/A,No,sms_shorthand,assistant-noisy-en,"English SMS/noisy variant constructed with abbreviations, shorthand, spelling reduction, and/or colloquial syntax."
ST05_HI_DEV_FORMAL,ST05,Ambiguous System Term,Hindi,Devanagari,Formal,सेवा ने कल रात काम करना बंद कर दिया।,The service stopped working last night.,N/A,No,N/A,N/A,N/A,No,none,formal,Formal core realization.
ST05_HI_DEV_NOISY,ST05,Ambiguous System Term,Hindi,Devanagari,SMS/Noisy,सेवा कल रात से off ही है,The service stopped working last night.,N/A,No,N/A,N/A,N/A,No,code_mixing; colloquial_morphosyntax,user-authored-noisy,SMS/noisy wording authored by the user in Latin script; Devanagari counterpart preserves that wording rather than correcting it.
ST05_HI_LAT_FORMAL,ST05,Ambiguous System Term,Hindi,Latin,Formal,sevaa ne kala raata kaama karanaa banda kara diyaa.,The service stopped working last night.,N/A,No,N/A,N/A,N/A,No,none,formal-transliteration,Formal Romanized condition generated mechanically from the Devanagari formal sentence for script-control consistency.
ST05_HI_LAT_NOISY,ST05,Ambiguous System Term,Hindi,Latin,SMS/Noisy,Seva kal raat se off hi hai,The service stopped working last night.,N/A,No,N/A,N/A,N/A,No,code_mixing; colloquial_morphosyntax,user-authored-noisy,SMS/noisy wording authored by the user in Latin script; Devanagari counterpart preserves that wording rather than correcting it.
ST05_MR_DEV_FORMAL,ST05,Ambiguous System Term,Marathi,Devanagari,Formal,काल रात्री सेवा काम करायची बंद झाली।,The service stopped working last night.,N/A,No,N/A,N/A,N/A,No,none,formal,Formal core realization.
ST05_MR_DEV_NOISY,ST05,Ambiguous System Term,Marathi,Devanagari,SMS/Noisy,ती service काल रात्रीपासून बंद हाय,The service stopped working last night.,N/A,No,N/A,N/A,N/A,No,colloquial_morphosyntax,user-authored-noisy,SMS/noisy wording authored by the user in Latin script; Devanagari counterpart preserves that wording rather than correcting it.
ST05_MR_LAT_FORMAL,ST05,Ambiguous System Term,Marathi,Latin,Formal,kaala raatrii sevaa kaama karaayachii banda jhaalii.,The service stopped working last night.,N/A,No,N/A,N/A,N/A,No,none,formal-transliteration,Formal Romanized condition generated mechanically from the Devanagari formal sentence for script-control consistency.
ST05_MR_LAT_NOISY,ST05,Ambiguous System Term,Marathi,Latin,SMS/Noisy,Ti service kal ratri pasn band hay,The service stopped working last night.,N/A,No,N/A,N/A,N/A,No,colloquial_morphosyntax,user-authored-noisy,SMS/noisy wording authored by the user in Latin script; Devanagari counterpart preserves that wording rather than correcting it.
ST06_EN_LAT_FORMAL,ST06,Ambiguous System Term,English,Latin,Formal,The system rejected my request.,The system rejected my request.,N/A,No,N/A,N/A,N/A,No,none,formal,Formal core realization.
ST06_EN_LAT_NOISY,ST06,Ambiguous System Term,English,Latin,SMS/Noisy,system rejected my req,The system rejected my request.,N/A,No,N/A,N/A,N/A,No,abbreviation; sms_shorthand,assistant-noisy-en,"English SMS/noisy variant constructed with abbreviations, shorthand, spelling reduction, and/or colloquial syntax."
ST06_HI_DEV_FORMAL,ST06,Ambiguous System Term,Hindi,Devanagari,Formal,सिस्टम ने मेरा अनुरोध अस्वीकार कर दिया।,The system rejected my request.,N/A,No,N/A,N/A,N/A,No,none,formal,Formal core realization.
ST06_HI_DEV_NOISY,ST06,Ambiguous System Term,Hindi,Devanagari,SMS/Noisy,System ने मेरा reject किया request,The system rejected my request.,N/A,No,N/A,N/A,N/A,No,code_mixing; colloquial_morphosyntax,user-authored-noisy,SMS/noisy wording authored by the user in Latin script; Devanagari counterpart preserves that wording rather than correcting it.
ST06_HI_LAT_FORMAL,ST06,Ambiguous System Term,Hindi,Latin,Formal,sistama ne meraa anurodha asviikaara kara diyaa.,The system rejected my request.,N/A,No,N/A,N/A,N/A,No,none,formal-transliteration,Formal Romanized condition generated mechanically from the Devanagari formal sentence for script-control consistency.
ST06_HI_LAT_NOISY,ST06,Ambiguous System Term,Hindi,Latin,SMS/Noisy,System ne mera reject kiya request,The system rejected my request.,N/A,No,N/A,N/A,N/A,No,code_mixing; colloquial_morphosyntax,user-authored-noisy,SMS/noisy wording authored by the user in Latin script; Devanagari counterpart preserves that wording rather than correcting it.
ST06_MR_DEV_FORMAL,ST06,Ambiguous System Term,Marathi,Devanagari,Formal,सिस्टमने माझी विनंती नाकारली।,The system rejected my request.,N/A,No,N/A,N/A,N/A,No,none,formal,Formal core realization.
ST06_MR_DEV_NOISY,ST06,Ambiguous System Term,Marathi,Devanagari,SMS/Noisy,System ने माझी मागणी reject केली,The system rejected my request.,N/A,No,N/A,N/A,N/A,No,code_mixing; colloquial_morphosyntax,user-authored-noisy,SMS/noisy wording authored by the user in Latin script; Devanagari counterpart preserves that wording rather than correcting it.
ST06_MR_LAT_FORMAL,ST06,Ambiguous System Term,Marathi,Latin,Formal,sistamane maajhii vinantii naakaaralii.,The system rejected my request.,N/A,No,N/A,N/A,N/A,No,none,formal-transliteration,Formal Romanized condition generated mechanically from the Devanagari formal sentence for script-control consistency.
ST06_MR_LAT_NOISY,ST06,Ambiguous System Term,Marathi,Latin,SMS/Noisy,System ne majhi magni reject keli,The system rejected my request.,N/A,No,N/A,N/A,N/A,No,code_mixing; colloquial_morphosyntax,user-authored-noisy,SMS/noisy wording authored by the user in Latin script; Devanagari counterpart preserves that wording rather than correcting it.
ST07_EN_LAT_FORMAL,ST07,Ambiguous System Term,English,Latin,Formal,My account has been locked.,My account has been locked.,N/A,No,N/A,N/A,N/A,No,none,formal,Formal core realization.
ST07_EN_LAT_NOISY,ST07,Ambiguous System Term,English,Latin,SMS/Noisy,my acct is locked rn,My account has been locked.,N/A,No,N/A,N/A,N/A,No,abbreviation; sms_shorthand,assistant-noisy-en,"English SMS/noisy variant constructed with abbreviations, shorthand, spelling reduction, and/or colloquial syntax."
ST07_HI_DEV_FORMAL,ST07,Ambiguous System Term,Hindi,Devanagari,Formal,मेरा खाता लॉक कर दिया गया है।,My account has been locked.,N/A,No,N/A,N/A,N/A,No,none,formal,Formal core realization.
ST07_HI_DEV_NOISY,ST07,Ambiguous System Term,Hindi,Devanagari,SMS/Noisy,मेरो तो account lock होगया,My account has been locked.,N/A,No,N/A,N/A,N/A,No,code_mixing; colloquial_morphosyntax,user-authored-noisy,SMS/noisy wording authored by the user in Latin script; Devanagari counterpart preserves that wording rather than correcting it.
ST07_HI_LAT_FORMAL,ST07,Ambiguous System Term,Hindi,Latin,Formal,meraa khaataa loka kara diyaa gayaa hai.,My account has been locked.,N/A,No,N/A,N/A,N/A,No,none,formal-transliteration,Formal Romanized condition generated mechanically from the Devanagari formal sentence for script-control consistency.
ST07_HI_LAT_NOISY,ST07,Ambiguous System Term,Hindi,Latin,SMS/Noisy,Mero to account lock hogya,My account has been locked.,N/A,No,N/A,N/A,N/A,No,code_mixing; colloquial_morphosyntax,user-authored-noisy,SMS/noisy wording authored by the user in Latin script; Devanagari counterpart preserves that wording rather than correcting it.
ST07_MR_DEV_FORMAL,ST07,Ambiguous System Term,Marathi,Devanagari,Formal,माझे खाते लॉक झाले आहे।,My account has been locked.,N/A,No,N/A,N/A,N/A,No,none,formal,Formal core realization.
ST07_MR_DEV_NOISY,ST07,Ambiguous System Term,Marathi,Devanagari,SMS/Noisy,खातं तर lock झालंय राव,My account has been locked.,N/A,No,N/A,N/A,N/A,No,code_mixing; colloquial_morphosyntax,user-authored-noisy,SMS/noisy wording authored by the user in Latin script; Devanagari counterpart preserves that wording rather than correcting it.
ST07_MR_LAT_FORMAL,ST07,Ambiguous System Term,Marathi,Latin,Formal,maajhe khaate loka jhaale aahe.,My account has been locked.,N/A,No,N/A,N/A,N/A,No,none,formal-transliteration,Formal Romanized condition generated mechanically from the Devanagari formal sentence for script-control consistency.
ST07_MR_LAT_NOISY,ST07,Ambiguous System Term,Marathi,Latin,SMS/Noisy,Khata tar lock jhalay rao,My account has been locked.,N/A,No,N/A,N/A,N/A,No,code_mixing; colloquial_morphosyntax,user-authored-noisy,SMS/noisy wording authored by the user in Latin script; Devanagari counterpart preserves that wording rather than correcting it.
ST08_EN_LAT_FORMAL,ST08,Ambiguous System Term,English,Latin,Formal,The request was denied without an explanation.,The request was denied without an explanation.,N/A,No,N/A,N/A,N/A,No,none,formal,Formal core realization.
ST08_EN_LAT_NOISY,ST08,Ambiguous System Term,English,Latin,SMS/Noisy,req got denied w/o any reason,The request was denied without an explanation.,N/A,No,N/A,N/A,N/A,No,abbreviation; sms_shorthand,assistant-noisy-en,"English SMS/noisy variant constructed with abbreviations, shorthand, spelling reduction, and/or colloquial syntax."
ST08_HI_DEV_FORMAL,ST08,Ambiguous System Term,Hindi,Devanagari,Formal,अनुरोध बिना किसी स्पष्टीकरण के अस्वीकार कर दिया गया।,The request was denied without an explanation.,N/A,No,N/A,N/A,N/A,No,none,formal,Formal core realization.
ST08_HI_DEV_NOISY,ST08,Ambiguous System Term,Hindi,Devanagari,SMS/Noisy,कुछ बिना बताया deny कर दिया,The request was denied without an explanation.,N/A,No,N/A,N/A,N/A,No,colloquial_morphosyntax,user-authored-noisy,SMS/noisy wording authored by the user in Latin script; Devanagari counterpart preserves that wording rather than correcting it.
ST08_HI_LAT_FORMAL,ST08,Ambiguous System Term,Hindi,Latin,Formal,anurodha binaa kisii spashtiikarana ke asviikaara kara diyaa gayaa.,The request was denied without an explanation.,N/A,No,N/A,N/A,N/A,No,none,formal-transliteration,Formal Romanized condition generated mechanically from the Devanagari formal sentence for script-control consistency.
ST08_HI_LAT_NOISY,ST08,Ambiguous System Term,Hindi,Latin,SMS/Noisy,kUCH bina bataya deny kar diya,The request was denied without an explanation.,N/A,No,N/A,N/A,N/A,No,orthographic_noise; colloquial_morphosyntax,user-authored-noisy,SMS/noisy wording authored by the user in Latin script; Devanagari counterpart preserves that wording rather than correcting it.
ST08_MR_DEV_FORMAL,ST08,Ambiguous System Term,Marathi,Devanagari,Formal,कोणतेही स्पष्टीकरण न देता विनंती नाकारण्यात आली।,The request was denied without an explanation.,N/A,No,N/A,N/A,N/A,No,none,formal,Formal core realization.
ST08_MR_DEV_NOISY,ST08,Ambiguous System Term,Marathi,Devanagari,SMS/Noisy,Request काही न बोलता काढून टाकलीये,The request was denied without an explanation.,N/A,No,N/A,N/A,N/A,No,code_mixing; colloquial_morphosyntax,user-authored-noisy,SMS/noisy wording authored by the user in Latin script; Devanagari counterpart preserves that wording rather than correcting it.
ST08_MR_LAT_FORMAL,ST08,Ambiguous System Term,Marathi,Latin,Formal,konatehii spashtiikarana na detaa vinantii naakaaranyaata aalii.,The request was denied without an explanation.,N/A,No,N/A,N/A,N/A,No,none,formal-transliteration,Formal Romanized condition generated mechanically from the Devanagari formal sentence for script-control consistency.
ST08_MR_LAT_NOISY,ST08,Ambiguous System Term,Marathi,Latin,SMS/Noisy,Request kahi na bolta kadhun takliye,The request was denied without an explanation.,N/A,No,N/A,N/A,N/A,No,code_mixing; colloquial_morphosyntax,user-authored-noisy,SMS/noisy wording authored by the user in Latin script; Devanagari counterpart preserves that wording rather than correcting it.
ST09_EN_LAT_FORMAL,ST09,Ambiguous System Term,English,Latin,Formal,The network went down this afternoon.,The network went down this afternoon.,N/A,No,N/A,N/A,N/A,No,none,formal,Formal core realization.
ST09_EN_LAT_NOISY,ST09,Ambiguous System Term,English,Latin,SMS/Noisy,network went down this aftn,The network went down this afternoon.,N/A,No,N/A,N/A,N/A,No,sms_shorthand,assistant-noisy-en,"English SMS/noisy variant constructed with abbreviations, shorthand, spelling reduction, and/or colloquial syntax."
ST09_HI_DEV_FORMAL,ST09,Ambiguous System Term,Hindi,Devanagari,Formal,आज दोपहर नेटवर्क बंद हो गया।,The network went down this afternoon.,N/A,No,N/A,N/A,N/A,No,none,formal,Formal core realization.
ST09_HI_DEV_NOISY,ST09,Ambiguous System Term,Hindi,Devanagari,SMS/Noisy,Network बंद पड़ गया दोपहर में,The network went down this afternoon.,N/A,No,N/A,N/A,N/A,No,code_mixing; colloquial_morphosyntax,user-authored-noisy,SMS/noisy wording authored by the user in Latin script; Devanagari counterpart preserves that wording rather than correcting it.
ST09_HI_LAT_FORMAL,ST09,Ambiguous System Term,Hindi,Latin,Formal,aaja dopahara netavarka banda ho gayaa.,The network went down this afternoon.,N/A,No,N/A,N/A,N/A,No,none,formal-transliteration,Formal Romanized condition generated mechanically from the Devanagari formal sentence for script-control consistency.
ST09_HI_LAT_NOISY,ST09,Ambiguous System Term,Hindi,Latin,SMS/Noisy,Network band pad gaya dupeher me,The network went down this afternoon.,N/A,No,N/A,N/A,N/A,No,code_mixing; colloquial_morphosyntax,user-authored-noisy,SMS/noisy wording authored by the user in Latin script; Devanagari counterpart preserves that wording rather than correcting it.
ST09_MR_DEV_FORMAL,ST09,Ambiguous System Term,Marathi,Devanagari,Formal,आज दुपारी नेटवर्क बंद पडले।,The network went down this afternoon.,N/A,No,N/A,N/A,N/A,No,none,formal,Formal core realization.
ST09_MR_DEV_NOISY,ST09,Ambiguous System Term,Marathi,Devanagari,SMS/Noisy,Network खाली गेलंय दुपारपासून,The network went down this afternoon.,N/A,No,N/A,N/A,N/A,No,code_mixing; colloquial_morphosyntax,user-authored-noisy,SMS/noisy wording authored by the user in Latin script; Devanagari counterpart preserves that wording rather than correcting it.
ST09_MR_LAT_FORMAL,ST09,Ambiguous System Term,Marathi,Latin,Formal,aaja dupaarii netavarka banda padale.,The network went down this afternoon.,N/A,No,N/A,N/A,N/A,No,none,formal-transliteration,Formal Romanized condition generated mechanically from the Devanagari formal sentence for script-control consistency.
ST09_MR_LAT_NOISY,ST09,Ambiguous System Term,Marathi,Latin,SMS/Noisy,Network khali gelay dupar pasna,The network went down this afternoon.,N/A,No,N/A,N/A,N/A,No,code_mixing; colloquial_morphosyntax,user-authored-noisy,SMS/noisy wording authored by the user in Latin script; Devanagari counterpart preserves that wording rather than correcting it.
ST10_EN_LAT_FORMAL,ST10,Ambiguous System Term,English,Latin,Formal,The channel was closed without warning.,The channel was closed without warning.,N/A,No,N/A,N/A,N/A,No,none,formal,Formal core realization.
ST10_EN_LAT_NOISY,ST10,Ambiguous System Term,English,Latin,SMS/Noisy,channel got closed w no warning,The channel was closed without warning.,N/A,No,N/A,N/A,N/A,No,sms_shorthand,assistant-noisy-en,"English SMS/noisy variant constructed with abbreviations, shorthand, spelling reduction, and/or colloquial syntax."
ST10_HI_DEV_FORMAL,ST10,Ambiguous System Term,Hindi,Devanagari,Formal,चैनल को बिना किसी चेतावनी के बंद कर दिया गया।,The channel was closed without warning.,N/A,No,N/A,N/A,N/A,No,none,formal,Formal core realization.
ST10_HI_DEV_NOISY,ST10,Ambiguous System Term,Hindi,Devanagari,SMS/Noisy,Channel ऐसे ही बंद करा,The channel was closed without warning.,N/A,No,N/A,N/A,N/A,No,code_mixing; colloquial_morphosyntax,user-authored-noisy,SMS/noisy wording authored by the user in Latin script; Devanagari counterpart preserves that wording rather than correcting it.
ST10_HI_LAT_FORMAL,ST10,Ambiguous System Term,Hindi,Latin,Formal,chainala ko binaa kisii chetaavanii ke banda kara diyaa gayaa.,The channel was closed without warning.,N/A,No,N/A,N/A,N/A,No,none,formal-transliteration,Formal Romanized condition generated mechanically from the Devanagari formal sentence for script-control consistency.
ST10_HI_LAT_NOISY,ST10,Ambiguous System Term,Hindi,Latin,SMS/Noisy,Channel aise hi band kara,The channel was closed without warning.,N/A,No,N/A,N/A,N/A,No,code_mixing; colloquial_morphosyntax,user-authored-noisy,SMS/noisy wording authored by the user in Latin script; Devanagari counterpart preserves that wording rather than correcting it.
ST10_MR_DEV_FORMAL,ST10,Ambiguous System Term,Marathi,Devanagari,Formal,कोणतीही पूर्वसूचना न देता चॅनेल बंद करण्यात आले।,The channel was closed without warning.,N/A,No,N/A,N/A,N/A,No,none,formal,Formal core realization.
ST10_MR_DEV_NOISY,ST10,Ambiguous System Term,Marathi,Devanagari,SMS/Noisy,ते channel मधनंच बंद पडलंय,The channel was closed without warning.,N/A,No,N/A,N/A,N/A,No,code_mixing; colloquial_morphosyntax,user-authored-noisy,SMS/noisy wording authored by the user in Latin script; Devanagari counterpart preserves that wording rather than correcting it.
ST10_MR_LAT_FORMAL,ST10,Ambiguous System Term,Marathi,Latin,Formal,konatiihii puurvasuuchanaa na detaa chenela banda karanyaata aale.,The channel was closed without warning.,N/A,No,N/A,N/A,N/A,No,none,formal-transliteration,Formal Romanized condition generated mechanically from the Devanagari formal sentence for script-control consistency.
ST10_MR_LAT_NOISY,ST10,Ambiguous System Term,Marathi,Latin,SMS/Noisy,Te channel madhnach band padlay,The channel was closed without warning.,N/A,No,N/A,N/A,N/A,No,code_mixing; colloquial_morphosyntax,user-authored-noisy,SMS/noisy wording authored by the user in Latin script; Devanagari counterpart preserves that wording rather than correcting it.
CA01_EN_LAT_FORMAL,CA01,Cultural Ambiguity,English,Latin,Formal,The light in the pooja room went off.,The light in the pooja room went off.,N/A,No,N/A,N/A,N/A,No,none,formal,Formal core realization.
CA01_EN_LAT_NOISY,CA01,Cultural Ambiguity,English,Latin,SMS/Noisy,pooja room light went off,The light in the pooja room went off.,N/A,No,N/A,N/A,N/A,No,sms_shorthand,assistant-noisy-en,"English SMS/noisy variant constructed with abbreviations, shorthand, spelling reduction, and/or colloquial syntax."
CA01_HI_DEV_FORMAL,CA01,Cultural Ambiguity,Hindi,Devanagari,Formal,पूजा के कमरे की बत्ती बुझ गई।,The light in the pooja room went off.,N/A,No,N/A,N/A,N/A,No,none,formal,Formal core realization.
CA01_HI_DEV_NOISY,CA01,Cultural Ambiguity,Hindi,Devanagari,SMS/Noisy,पूजा रूम का दिया बुझ गया,The light in the pooja room went off.,N/A,No,N/A,N/A,N/A,No,colloquial_morphosyntax,user-authored-noisy,SMS/noisy wording authored by the user in Latin script; Devanagari counterpart preserves that wording rather than correcting it.
CA01_HI_LAT_FORMAL,CA01,Cultural Ambiguity,Hindi,Latin,Formal,puujaa ke kamare kii battii bujha gaii.,The light in the pooja room went off.,N/A,No,N/A,N/A,N/A,No,none,formal-transliteration,Formal Romanized condition generated mechanically from the Devanagari formal sentence for script-control consistency.
CA01_HI_LAT_NOISY,CA01,Cultural Ambiguity,Hindi,Latin,SMS/Noisy,Pooja room ka diya bujh gaya,The light in the pooja room went off.,N/A,No,N/A,N/A,N/A,No,colloquial_morphosyntax,user-authored-noisy,SMS/noisy wording authored by the user in Latin script; Devanagari counterpart preserves that wording rather than correcting it.
CA01_MR_DEV_FORMAL,CA01,Cultural Ambiguity,Marathi,Devanagari,Formal,पूजेच्या खोलीतील दिवा बंद झाला।,The light in the pooja room went off.,N/A,No,N/A,N/A,N/A,No,none,formal,Formal core realization.
CA01_MR_DEV_NOISY,CA01,Cultural Ambiguity,Marathi,Devanagari,SMS/Noisy,देवघराचा light fuse उडलाय,The light in the pooja room went off.,N/A,No,N/A,N/A,N/A,No,code_mixing; colloquial_morphosyntax,user-authored-noisy,SMS/noisy wording authored by the user in Latin script; Devanagari counterpart preserves that wording rather than correcting it.
CA01_MR_LAT_FORMAL,CA01,Cultural Ambiguity,Marathi,Latin,Formal,puujechyaa kholiitiila divaa banda jhaalaa.,The light in the pooja room went off.,N/A,No,N/A,N/A,N/A,No,none,formal-transliteration,Formal Romanized condition generated mechanically from the Devanagari formal sentence for script-control consistency.
CA01_MR_LAT_NOISY,CA01,Cultural Ambiguity,Marathi,Latin,SMS/Noisy,Devgharacha light fuse udlay,The light in the pooja room went off.,N/A,No,N/A,N/A,N/A,No,code_mixing; colloquial_morphosyntax,user-authored-noisy,SMS/noisy wording authored by the user in Latin script; Devanagari counterpart preserves that wording rather than correcting it.
CA02_EN_LAT_FORMAL,CA02,Cultural Ambiguity,English,Latin,Formal,Everyone left after the ceremony.,Everyone left after the ceremony.,N/A,No,N/A,N/A,N/A,No,none,formal,Formal core realization.
CA02_EN_LAT_NOISY,CA02,Cultural Ambiguity,English,Latin,SMS/Noisy,every1 left after the ceremony,Everyone left after the ceremony.,N/A,No,N/A,N/A,N/A,No,orthographic_noise; sms_shorthand,assistant-noisy-en,"English SMS/noisy variant constructed with abbreviations, shorthand, spelling reduction, and/or colloquial syntax."
CA02_HI_DEV_FORMAL,CA02,Cultural Ambiguity,Hindi,Devanagari,Formal,समारोह के बाद सभी चले गए।,Everyone left after the ceremony.,N/A,No,N/A,N/A,N/A,No,none,formal,Formal core realization.
CA02_HI_DEV_NOISY,CA02,Cultural Ambiguity,Hindi,Devanagari,SMS/Noisy,सब आरती के बाद चले गए,Everyone left after the ceremony.,N/A,No,N/A,N/A,N/A,No,colloquial_morphosyntax,user-authored-noisy,SMS/noisy wording authored by the user in Latin script; Devanagari counterpart preserves that wording rather than correcting it.
CA02_HI_LAT_FORMAL,CA02,Cultural Ambiguity,Hindi,Latin,Formal,samaaroha ke baada sabhii chale gae.,Everyone left after the ceremony.,N/A,No,N/A,N/A,N/A,No,none,formal-transliteration,Formal Romanized condition generated mechanically from the Devanagari formal sentence for script-control consistency.
CA02_HI_LAT_NOISY,CA02,Cultural Ambiguity,Hindi,Latin,SMS/Noisy,Sab aarti ke baad chale gaye,Everyone left after the ceremony.,N/A,No,N/A,N/A,N/A,No,colloquial_morphosyntax,user-authored-noisy,SMS/noisy wording authored by the user in Latin script; Devanagari counterpart preserves that wording rather than correcting it.
CA02_MR_DEV_FORMAL,CA02,Cultural Ambiguity,Marathi,Devanagari,Formal,समारंभानंतर सगळे निघून गेले।,Everyone left after the ceremony.,N/A,No,N/A,N/A,N/A,No,none,formal,Formal core realization.
CA02_MR_DEV_NOISY,CA02,Cultural Ambiguity,Marathi,Devanagari,SMS/Noisy,सगळे कार्यक्रम सोडून निघून गेलेत,Everyone left after the ceremony.,N/A,No,N/A,N/A,N/A,No,colloquial_morphosyntax,user-authored-noisy,SMS/noisy wording authored by the user in Latin script; Devanagari counterpart preserves that wording rather than correcting it.
CA02_MR_LAT_FORMAL,CA02,Cultural Ambiguity,Marathi,Latin,Formal,samaaranbhaanantara sagale nighuuna gele.,Everyone left after the ceremony.,N/A,No,N/A,N/A,N/A,No,none,formal-transliteration,Formal Romanized condition generated mechanically from the Devanagari formal sentence for script-control consistency.
CA02_MR_LAT_NOISY,CA02,Cultural Ambiguity,Marathi,Latin,SMS/Noisy,Sagle karyakram sodun nighun gelet,Everyone left after the ceremony.,N/A,No,N/A,N/A,N/A,No,colloquial_morphosyntax,user-authored-noisy,SMS/noisy wording authored by the user in Latin script; Devanagari counterpart preserves that wording rather than correcting it.
CA03_EN_LAT_FORMAL,CA03,Cultural Ambiguity,English,Latin,Formal,I left the sweets near the temple.,I left the sweets near the temple.,N/A,No,N/A,N/A,N/A,No,none,formal,Formal core realization.
CA03_EN_LAT_NOISY,CA03,Cultural Ambiguity,English,Latin,SMS/Noisy,left the sweets near the mandir,I left the sweets near the temple.,N/A,No,N/A,N/A,N/A,No,sms_shorthand,assistant-noisy-en,"English SMS/noisy variant constructed with abbreviations, shorthand, spelling reduction, and/or colloquial syntax."
CA03_HI_DEV_FORMAL,CA03,Cultural Ambiguity,Hindi,Devanagari,Formal,मैंने मिठाई मंदिर के पास रख दी।,I left the sweets near the temple.,N/A,No,N/A,N/A,N/A,No,none,formal,Formal core realization.
CA03_HI_DEV_NOISY,CA03,Cultural Ambiguity,Hindi,Devanagari,SMS/Noisy,मैंने sweets रखे मंदिर के पास,I left the sweets near the temple.,N/A,No,N/A,N/A,N/A,No,colloquial_morphosyntax,user-authored-noisy,SMS/noisy wording authored by the user in Latin script; Devanagari counterpart preserves that wording rather than correcting it.
CA03_HI_LAT_FORMAL,CA03,Cultural Ambiguity,Hindi,Latin,Formal,mainne mithaaii mandira ke paasa rakha dii.,I left the sweets near the temple.,N/A,No,N/A,N/A,N/A,No,none,formal-transliteration,Formal Romanized condition generated mechanically from the Devanagari formal sentence for script-control consistency.
CA03_HI_LAT_NOISY,CA03,Cultural Ambiguity,Hindi,Latin,SMS/Noisy,Maine sweets rakhe mandir ke pas,I left the sweets near the temple.,N/A,No,N/A,N/A,N/A,No,colloquial_morphosyntax,user-authored-noisy,SMS/noisy wording authored by the user in Latin script; Devanagari counterpart preserves that wording rather than correcting it.
CA03_MR_DEV_FORMAL,CA03,Cultural Ambiguity,Marathi,Devanagari,Formal,मी मंदिराजवळ मिठाई ठेवली।,I left the sweets near the temple.,N/A,No,N/A,N/A,N/A,No,none,formal,Formal core realization.
CA03_MR_DEV_NOISY,CA03,Cultural Ambiguity,Marathi,Devanagari,SMS/Noisy,मी खाऊ सोडून गेले मंदिरापाशी,I left the sweets near the temple.,N/A,No,N/A,N/A,N/A,No,colloquial_morphosyntax,user-authored-noisy,SMS/noisy wording authored by the user in Latin script; Devanagari counterpart preserves that wording rather than correcting it.
CA03_MR_LAT_FORMAL,CA03,Cultural Ambiguity,Marathi,Latin,Formal,mii mandiraajavala mithaaii thevalii.,I left the sweets near the temple.,N/A,No,N/A,N/A,N/A,No,none,formal-transliteration,Formal Romanized condition generated mechanically from the Devanagari formal sentence for script-control consistency.
CA03_MR_LAT_NOISY,CA03,Cultural Ambiguity,Marathi,Latin,SMS/Noisy,Me khau sodun gele mandirapashi,I left the sweets near the temple.,N/A,No,N/A,N/A,N/A,No,colloquial_morphosyntax,user-authored-noisy,SMS/noisy wording authored by the user in Latin script; Devanagari counterpart preserves that wording rather than correcting it.
CA04_EN_LAT_FORMAL,CA04,Cultural Ambiguity,English,Latin,Formal,We need to finish this before the festival.,We need to finish this before the festival.,N/A,No,N/A,N/A,N/A,No,none,formal,Formal core realization.
CA04_EN_LAT_NOISY,CA04,Cultural Ambiguity,English,Latin,SMS/Noisy,gotta finish this b4 the festival,We need to finish this before the festival.,N/A,No,N/A,N/A,N/A,No,abbreviation; orthographic_noise; sms_shorthand,assistant-noisy-en,"English SMS/noisy variant constructed with abbreviations, shorthand, spelling reduction, and/or colloquial syntax."
CA04_HI_DEV_FORMAL,CA04,Cultural Ambiguity,Hindi,Devanagari,Formal,हमें त्योहार से पहले यह काम पूरा करना है।,We need to finish this before the festival.,N/A,No,N/A,N/A,N/A,No,none,formal,Formal core realization.
CA04_HI_DEV_NOISY,CA04,Cultural Ambiguity,Hindi,Devanagari,SMS/Noisy,हमें ये उत्सव से पहले finish करना है guys,We need to finish this before the festival.,N/A,No,N/A,N/A,N/A,No,code_mixing; colloquial_morphosyntax,user-authored-noisy,SMS/noisy wording authored by the user in Latin script; Devanagari counterpart preserves that wording rather than correcting it.
CA04_HI_LAT_FORMAL,CA04,Cultural Ambiguity,Hindi,Latin,Formal,hamen tyohaara se pahale yaha kaama puuraa karanaa hai.,We need to finish this before the festival.,N/A,No,N/A,N/A,N/A,No,none,formal-transliteration,Formal Romanized condition generated mechanically from the Devanagari formal sentence for script-control consistency.
CA04_HI_LAT_NOISY,CA04,Cultural Ambiguity,Hindi,Latin,SMS/Noisy,Hume ye utsav se pehle finish karna hai guys,We need to finish this before the festival.,N/A,No,N/A,N/A,N/A,No,code_mixing; colloquial_morphosyntax,user-authored-noisy,SMS/noisy wording authored by the user in Latin script; Devanagari counterpart preserves that wording rather than correcting it.
CA04_MR_DEV_FORMAL,CA04,Cultural Ambiguity,Marathi,Devanagari,Formal,आपल्याला सणापूर्वी हे काम पूर्ण करायचे आहे।,We need to finish this before the festival.,N/A,No,N/A,N/A,N/A,No,none,formal,Formal core realization.
CA04_MR_DEV_NOISY,CA04,Cultural Ambiguity,Marathi,Devanagari,SMS/Noisy,हे festival च्या आधी संपलंच पाहिजे,We need to finish this before the festival.,N/A,No,N/A,N/A,N/A,No,code_mixing; colloquial_morphosyntax,user-authored-noisy,SMS/noisy wording authored by the user in Latin script; Devanagari counterpart preserves that wording rather than correcting it.
CA04_MR_LAT_FORMAL,CA04,Cultural Ambiguity,Marathi,Latin,Formal,aapalyaalaa sanaapuurvii he kaama puurna karaayache aahe.,We need to finish this before the festival.,N/A,No,N/A,N/A,N/A,No,none,formal-transliteration,Formal Romanized condition generated mechanically from the Devanagari formal sentence for script-control consistency.
CA04_MR_LAT_NOISY,CA04,Cultural Ambiguity,Marathi,Latin,SMS/Noisy,He festival chya adhi samplach pahije,We need to finish this before the festival.,N/A,No,N/A,N/A,N/A,No,code_mixing; colloquial_morphosyntax,user-authored-noisy,SMS/noisy wording authored by the user in Latin script; Devanagari counterpart preserves that wording rather than correcting it.
CA05_EN_LAT_FORMAL,CA05,Cultural Ambiguity,English,Latin,Formal,She brought flowers for the prayer.,She brought flowers for the prayer.,N/A,No,N/A,N/A,N/A,No,none,formal,Formal core realization.
CA05_EN_LAT_NOISY,CA05,Cultural Ambiguity,English,Latin,SMS/Noisy,she got flowers for pooja,She brought flowers for the prayer.,N/A,No,N/A,N/A,N/A,No,sms_shorthand,assistant-noisy-en,"English SMS/noisy variant constructed with abbreviations, shorthand, spelling reduction, and/or colloquial syntax."
CA05_HI_DEV_FORMAL,CA05,Cultural Ambiguity,Hindi,Devanagari,Formal,वह पूजा के लिए फूल लाई।,She brought flowers for the prayer.,N/A,No,N/A,N/A,N/A,No,none,formal,Formal core realization.
CA05_HI_DEV_NOISY,CA05,Cultural Ambiguity,Hindi,Devanagari,SMS/Noisy,उसने पूजा केलिए फूल लाए है,She brought flowers for the prayer.,N/A,No,N/A,N/A,N/A,No,colloquial_morphosyntax,user-authored-noisy,SMS/noisy wording authored by the user in Latin script; Devanagari counterpart preserves that wording rather than correcting it.
CA05_HI_LAT_FORMAL,CA05,Cultural Ambiguity,Hindi,Latin,Formal,vaha puujaa ke lie phuula laaii.,She brought flowers for the prayer.,N/A,No,N/A,N/A,N/A,No,none,formal-transliteration,Formal Romanized condition generated mechanically from the Devanagari formal sentence for script-control consistency.
CA05_HI_LAT_NOISY,CA05,Cultural Ambiguity,Hindi,Latin,SMS/Noisy,Usne pooja keliye phool laye hai,She brought flowers for the prayer.,N/A,No,N/A,N/A,N/A,No,colloquial_morphosyntax,user-authored-noisy,SMS/noisy wording authored by the user in Latin script; Devanagari counterpart preserves that wording rather than correcting it.
CA05_MR_DEV_FORMAL,CA05,Cultural Ambiguity,Marathi,Devanagari,Formal,ती पूजेसाठी फुले घेऊन आली।,She brought flowers for the prayer.,N/A,No,N/A,N/A,N/A,No,none,formal,Formal core realization.
CA05_MR_DEV_NOISY,CA05,Cultural Ambiguity,Marathi,Devanagari,SMS/Noisy,तिनी पूजेला फुलं आणलीत,She brought flowers for the prayer.,N/A,No,N/A,N/A,N/A,No,colloquial_morphosyntax,user-authored-noisy,SMS/noisy wording authored by the user in Latin script; Devanagari counterpart preserves that wording rather than correcting it.
CA05_MR_LAT_FORMAL,CA05,Cultural Ambiguity,Marathi,Latin,Formal,tii puujesaathii phule gheuuna aalii.,She brought flowers for the prayer.,N/A,No,N/A,N/A,N/A,No,none,formal-transliteration,Formal Romanized condition generated mechanically from the Devanagari formal sentence for script-control consistency.
CA05_MR_LAT_NOISY,CA05,Cultural Ambiguity,Marathi,Latin,SMS/Noisy,Tini poojela phula anlit,She brought flowers for the prayer.,N/A,No,N/A,N/A,N/A,No,colloquial_morphosyntax,user-authored-noisy,SMS/noisy wording authored by the user in Latin script; Devanagari counterpart preserves that wording rather than correcting it.
CA06_EN_LAT_FORMAL,CA06,Cultural Ambiguity,English,Latin,Formal,They asked me to remove my shoes before entering.,They asked me to remove my shoes before entering.,N/A,No,N/A,N/A,N/A,No,none,formal,Formal core realization.
CA06_EN_LAT_NOISY,CA06,Cultural Ambiguity,English,Latin,SMS/Noisy,they made me take my shoes off b4 going in,They asked me to remove my shoes before entering.,N/A,No,N/A,N/A,N/A,No,abbreviation; orthographic_noise; sms_shorthand,assistant-noisy-en,"English SMS/noisy variant constructed with abbreviations, shorthand, spelling reduction, and/or colloquial syntax."
CA06_HI_DEV_FORMAL,CA06,Cultural Ambiguity,Hindi,Devanagari,Formal,अंदर जाने से पहले उन्होंने मुझसे जूते उतारने को कहा।,They asked me to remove my shoes before entering.,N/A,No,N/A,N/A,N/A,No,none,formal,Formal core realization.
CA06_HI_DEV_NOISY,CA06,Cultural Ambiguity,Hindi,Devanagari,SMS/Noisy,उन्होंने मुझे जूते उतारने को बोल डाला,They asked me to remove my shoes before entering.,N/A,No,N/A,N/A,N/A,No,colloquial_morphosyntax,user-authored-noisy,SMS/noisy wording authored by the user in Latin script; Devanagari counterpart preserves that wording rather than correcting it.
CA06_HI_LAT_FORMAL,CA06,Cultural Ambiguity,Hindi,Latin,Formal,andara jaane se pahale unhonne mujhase juute utaarane ko kahaa.,They asked me to remove my shoes before entering.,N/A,No,N/A,N/A,N/A,No,none,formal-transliteration,Formal Romanized condition generated mechanically from the Devanagari formal sentence for script-control consistency.
CA06_HI_LAT_NOISY,CA06,Cultural Ambiguity,Hindi,Latin,SMS/Noisy,Unhone mujhe joote utarne ko bol dala,They asked me to remove my shoes before entering.,N/A,No,N/A,N/A,N/A,No,colloquial_morphosyntax,user-authored-noisy,SMS/noisy wording authored by the user in Latin script; Devanagari counterpart preserves that wording rather than correcting it.
CA06_MR_DEV_FORMAL,CA06,Cultural Ambiguity,Marathi,Devanagari,Formal,आत जाण्यापूर्वी त्यांनी मला चप्पल काढायला सांगितले।,They asked me to remove my shoes before entering.,N/A,No,N/A,N/A,N/A,No,none,formal,Formal core realization.
CA06_MR_DEV_NOISY,CA06,Cultural Ambiguity,Marathi,Devanagari,SMS/Noisy,त्यांनी मला आत यायच्या आधी shoes काढायला लावले की राव,They asked me to remove my shoes before entering.,N/A,No,N/A,N/A,N/A,No,code_mixing; colloquial_morphosyntax,user-authored-noisy,SMS/noisy wording authored by the user in Latin script; Devanagari counterpart preserves that wording rather than correcting it.
CA06_MR_LAT_FORMAL,CA06,Cultural Ambiguity,Marathi,Latin,Formal,aata jaanyaapuurvii tyaannii malaa chappala kaadhaayalaa saangitale.,They asked me to remove my shoes before entering.,N/A,No,N/A,N/A,N/A,No,none,formal-transliteration,Formal Romanized condition generated mechanically from the Devanagari formal sentence for script-control consistency.
CA06_MR_LAT_NOISY,CA06,Cultural Ambiguity,Marathi,Latin,SMS/Noisy,Tyani mala aat yaychya adhi shoes kadhayla lavle ki rao,They asked me to remove my shoes before entering.,N/A,No,N/A,N/A,N/A,No,code_mixing; colloquial_morphosyntax,user-authored-noisy,SMS/noisy wording authored by the user in Latin script; Devanagari counterpart preserves that wording rather than correcting it.
CA07_EN_LAT_FORMAL,CA07,Cultural Ambiguity,English,Latin,Formal,Food was served after the ritual.,Food was served after the ritual.,N/A,No,N/A,N/A,N/A,No,none,formal,Formal core realization.
CA07_EN_LAT_NOISY,CA07,Cultural Ambiguity,English,Latin,SMS/Noisy,food came after the ritual,Food was served after the ritual.,N/A,No,N/A,N/A,N/A,No,sms_shorthand,assistant-noisy-en,"English SMS/noisy variant constructed with abbreviations, shorthand, spelling reduction, and/or colloquial syntax."
CA07_HI_DEV_FORMAL,CA07,Cultural Ambiguity,Hindi,Devanagari,Formal,अनुष्ठान के बाद भोजन परोसा गया।,Food was served after the ritual.,N/A,No,N/A,N/A,N/A,No,none,formal,Formal core realization.
CA07_HI_DEV_NOISY,CA07,Cultural Ambiguity,Hindi,Devanagari,SMS/Noisy,खाना तो आरती के बाद ही मिला bro,Food was served after the ritual.,N/A,No,N/A,N/A,N/A,No,code_mixing; colloquial_morphosyntax,user-authored-noisy,SMS/noisy wording authored by the user in Latin script; Devanagari counterpart preserves that wording rather than correcting it.
CA07_HI_LAT_FORMAL,CA07,Cultural Ambiguity,Hindi,Latin,Formal,anushthaana ke baada bhojana parosaa gayaa.,Food was served after the ritual.,N/A,No,N/A,N/A,N/A,No,none,formal-transliteration,Formal Romanized condition generated mechanically from the Devanagari formal sentence for script-control consistency.
CA07_HI_LAT_NOISY,CA07,Cultural Ambiguity,Hindi,Latin,SMS/Noisy,Khana to aarti ke baad hi mila bro,Food was served after the ritual.,N/A,No,N/A,N/A,N/A,No,code_mixing; colloquial_morphosyntax,user-authored-noisy,SMS/noisy wording authored by the user in Latin script; Devanagari counterpart preserves that wording rather than correcting it.
CA07_MR_DEV_FORMAL,CA07,Cultural Ambiguity,Marathi,Devanagari,Formal,विधीनंतर जेवण वाढण्यात आले।,Food was served after the ritual.,N/A,No,N/A,N/A,N/A,No,none,formal,Formal core realization.
CA07_MR_DEV_NOISY,CA07,Cultural Ambiguity,Marathi,Devanagari,SMS/Noisy,नैवेद्यानंतर जेवण दिलं,Food was served after the ritual.,N/A,No,N/A,N/A,N/A,No,colloquial_morphosyntax,user-authored-noisy,SMS/noisy wording authored by the user in Latin script; Devanagari counterpart preserves that wording rather than correcting it.
CA07_MR_LAT_FORMAL,CA07,Cultural Ambiguity,Marathi,Latin,Formal,vidhiinantara jevana vaadhanyaata aale.,Food was served after the ritual.,N/A,No,N/A,N/A,N/A,No,none,formal-transliteration,Formal Romanized condition generated mechanically from the Devanagari formal sentence for script-control consistency.
CA07_MR_LAT_NOISY,CA07,Cultural Ambiguity,Marathi,Latin,SMS/Noisy,Nevedya nantar jevan dila,Food was served after the ritual.,N/A,No,N/A,N/A,N/A,No,colloquial_morphosyntax,user-authored-noisy,SMS/noisy wording authored by the user in Latin script; Devanagari counterpart preserves that wording rather than correcting it.
CA08_EN_LAT_FORMAL,CA08,Cultural Ambiguity,English,Latin,Formal,He went to the mandir before work.,He went to the mandir before work.,N/A,No,N/A,N/A,N/A,No,none,formal,Formal core realization.
CA08_EN_LAT_NOISY,CA08,Cultural Ambiguity,English,Latin,SMS/Noisy,he went mandir b4 work,He went to the mandir before work.,N/A,No,N/A,N/A,N/A,No,abbreviation; orthographic_noise; sms_shorthand,assistant-noisy-en,"English SMS/noisy variant constructed with abbreviations, shorthand, spelling reduction, and/or colloquial syntax."
CA08_HI_DEV_FORMAL,CA08,Cultural Ambiguity,Hindi,Devanagari,Formal,वह काम पर जाने से पहले मंदिर गया।,He went to the mandir before work.,N/A,No,N/A,N/A,N/A,No,none,formal,Formal core realization.
CA08_HI_DEV_NOISY,CA08,Cultural Ambiguity,Hindi,Devanagari,SMS/Noisy,वो तो काम से पहले जाता है मंदिर्र!,He went to the mandir before work.,N/A,No,N/A,N/A,N/A,No,colloquial_morphosyntax,user-authored-noisy,SMS/noisy wording authored by the user in Latin script; Devanagari counterpart preserves that wording rather than correcting it.
CA08_HI_LAT_FORMAL,CA08,Cultural Ambiguity,Hindi,Latin,Formal,vaha kaama para jaane se pahale mandira gayaa.,He went to the mandir before work.,N/A,No,N/A,N/A,N/A,No,none,formal-transliteration,Formal Romanized condition generated mechanically from the Devanagari formal sentence for script-control consistency.
CA08_HI_LAT_NOISY,CA08,Cultural Ambiguity,Hindi,Latin,SMS/Noisy,Wo to kaam se pehle jata hai mandirr!,He went to the mandir before work.,N/A,No,N/A,N/A,N/A,No,colloquial_morphosyntax,user-authored-noisy,SMS/noisy wording authored by the user in Latin script; Devanagari counterpart preserves that wording rather than correcting it.
CA08_MR_DEV_FORMAL,CA08,Cultural Ambiguity,Marathi,Devanagari,Formal,तो कामावर जाण्यापूर्वी मंदिरात गेला।,He went to the mandir before work.,N/A,No,N/A,N/A,N/A,No,none,formal,Formal core realization.
CA08_MR_DEV_NOISY,CA08,Cultural Ambiguity,Marathi,Devanagari,SMS/Noisy,तो कामाला जायच्या आधी मंदिरात गेला बरं,He went to the mandir before work.,N/A,No,N/A,N/A,N/A,No,colloquial_morphosyntax,user-authored-noisy,SMS/noisy wording authored by the user in Latin script; Devanagari counterpart preserves that wording rather than correcting it.
CA08_MR_LAT_FORMAL,CA08,Cultural Ambiguity,Marathi,Latin,Formal,to kaamaavara jaanyaapuurvii mandiraata gelaa.,He went to the mandir before work.,N/A,No,N/A,N/A,N/A,No,none,formal-transliteration,Formal Romanized condition generated mechanically from the Devanagari formal sentence for script-control consistency.
CA08_MR_LAT_NOISY,CA08,Cultural Ambiguity,Marathi,Latin,SMS/Noisy,To kamala jaychya adhi mandirat gela bare,He went to the mandir before work.,N/A,No,N/A,N/A,N/A,No,colloquial_morphosyntax,user-authored-noisy,SMS/noisy wording authored by the user in Latin script; Devanagari counterpart preserves that wording rather than correcting it.
CA09_EN_LAT_FORMAL,CA09,Cultural Ambiguity,English,Latin,Formal,My grandmother prepared it for the celebration.,My grandmother prepared it for the celebration.,N/A,No,N/A,N/A,N/A,No,none,formal,Formal core realization.
CA09_EN_LAT_NOISY,CA09,Cultural Ambiguity,English,Latin,SMS/Noisy,grandma made it for the celebration,My grandmother prepared it for the celebration.,N/A,No,N/A,N/A,N/A,No,sms_shorthand,assistant-noisy-en,"English SMS/noisy variant constructed with abbreviations, shorthand, spelling reduction, and/or colloquial syntax."
CA09_HI_DEV_FORMAL,CA09,Cultural Ambiguity,Hindi,Devanagari,Formal,मेरी दादी ने इसे उत्सव के लिए तैयार किया।,My grandmother prepared it for the celebration.,N/A,No,N/A,N/A,N/A,No,none,formal,Formal core realization.
CA09_HI_DEV_NOISY,CA09,Cultural Ambiguity,Hindi,Devanagari,SMS/Noisy,मेरी दादी ने celebration से पहले बनाया है ये,My grandmother prepared it for the celebration.,N/A,No,N/A,N/A,N/A,No,colloquial_morphosyntax,user-authored-noisy,SMS/noisy wording authored by the user in Latin script; Devanagari counterpart preserves that wording rather than correcting it.
CA09_HI_LAT_FORMAL,CA09,Cultural Ambiguity,Hindi,Latin,Formal,merii daadii ne ise utsava ke lie taiyaara kiyaa.,My grandmother prepared it for the celebration.,N/A,No,N/A,N/A,N/A,No,none,formal-transliteration,Formal Romanized condition generated mechanically from the Devanagari formal sentence for script-control consistency.
CA09_HI_LAT_NOISY,CA09,Cultural Ambiguity,Hindi,Latin,SMS/Noisy,Meri daadi ni celebration se pehle banaya hai ye,My grandmother prepared it for the celebration.,N/A,No,N/A,N/A,N/A,No,colloquial_morphosyntax,user-authored-noisy,SMS/noisy wording authored by the user in Latin script; Devanagari counterpart preserves that wording rather than correcting it.
CA09_MR_DEV_FORMAL,CA09,Cultural Ambiguity,Marathi,Devanagari,Formal,माझ्या आजीने उत्सवासाठी ते तयार केले।,My grandmother prepared it for the celebration.,N/A,No,N/A,N/A,N/A,No,none,formal,Formal core realization.
CA09_MR_DEV_NOISY,CA09,Cultural Ambiguity,Marathi,Devanagari,SMS/Noisy,माझ्या आभईनी सणासाठी केलं ह्यो,My grandmother prepared it for the celebration.,N/A,No,N/A,N/A,N/A,No,colloquial_morphosyntax,user-authored-noisy,SMS/noisy wording authored by the user in Latin script; Devanagari counterpart preserves that wording rather than correcting it.
CA09_MR_LAT_FORMAL,CA09,Cultural Ambiguity,Marathi,Latin,Formal,maajhyaa aajiine utsavaasaathii te tayaara kele.,My grandmother prepared it for the celebration.,N/A,No,N/A,N/A,N/A,No,none,formal-transliteration,Formal Romanized condition generated mechanically from the Devanagari formal sentence for script-control consistency.
CA09_MR_LAT_NOISY,CA09,Cultural Ambiguity,Marathi,Latin,SMS/Noisy,Majya abbi ni sana sathi kela hyo,My grandmother prepared it for the celebration.,N/A,No,N/A,N/A,N/A,No,colloquial_morphosyntax,user-authored-noisy,SMS/noisy wording authored by the user in Latin script; Devanagari counterpart preserves that wording rather than correcting it.
CA10_EN_LAT_FORMAL,CA10,Cultural Ambiguity,English,Latin,Formal,Everyone waited until the elders arrived.,Everyone waited until the elders arrived.,N/A,No,N/A,N/A,N/A,No,none,formal,Formal core realization.
CA10_EN_LAT_NOISY,CA10,Cultural Ambiguity,English,Latin,SMS/Noisy,every1 waited till the elders came,Everyone waited until the elders arrived.,N/A,No,N/A,N/A,N/A,No,orthographic_noise; sms_shorthand,assistant-noisy-en,"English SMS/noisy variant constructed with abbreviations, shorthand, spelling reduction, and/or colloquial syntax."
CA10_HI_DEV_FORMAL,CA10,Cultural Ambiguity,Hindi,Devanagari,Formal,बड़ों के आने तक सभी इंतज़ार करते रहे।,Everyone waited until the elders arrived.,N/A,No,N/A,N/A,N/A,No,none,formal,Formal core realization.
CA10_HI_DEV_NOISY,CA10,Cultural Ambiguity,Hindi,Devanagari,SMS/Noisy,सब बड़ों केलिए रुके थे,Everyone waited until the elders arrived.,N/A,No,N/A,N/A,N/A,No,colloquial_morphosyntax,user-authored-noisy,SMS/noisy wording authored by the user in Latin script; Devanagari counterpart preserves that wording rather than correcting it.
CA10_HI_LAT_FORMAL,CA10,Cultural Ambiguity,Hindi,Latin,Formal,bada़on ke aane taka sabhii intaja़aara karate rahe.,Everyone waited until the elders arrived.,N/A,No,N/A,N/A,N/A,No,none,formal-transliteration,Formal Romanized condition generated mechanically from the Devanagari formal sentence for script-control consistency.
CA10_HI_LAT_NOISY,CA10,Cultural Ambiguity,Hindi,Latin,SMS/Noisy,Sab badon keliye ruke the,Everyone waited until the elders arrived.,N/A,No,N/A,N/A,N/A,No,colloquial_morphosyntax,user-authored-noisy,SMS/noisy wording authored by the user in Latin script; Devanagari counterpart preserves that wording rather than correcting it.
CA10_MR_DEV_FORMAL,CA10,Cultural Ambiguity,Marathi,Devanagari,Formal,वडीलधारी मंडळी येईपर्यंत सगळे थांबले।,Everyone waited until the elders arrived.,N/A,No,N/A,N/A,N/A,No,none,formal,Formal core realization.
CA10_MR_DEV_NOISY,CA10,Cultural Ambiguity,Marathi,Devanagari,SMS/Noisy,सगळे थांबलेले elders साठी,Everyone waited until the elders arrived.,N/A,No,N/A,N/A,N/A,No,code_mixing; colloquial_morphosyntax,user-authored-noisy,SMS/noisy wording authored by the user in Latin script; Devanagari counterpart preserves that wording rather than correcting it.
CA10_MR_LAT_FORMAL,CA10,Cultural Ambiguity,Marathi,Latin,Formal,vadiiladhaarii mandalii yeiiparyanta sagale thaanbale.,Everyone waited until the elders arrived.,N/A,No,N/A,N/A,N/A,No,none,formal-transliteration,Formal Romanized condition generated mechanically from the Devanagari formal sentence for script-control consistency.
CA10_MR_LAT_NOISY,CA10,Cultural Ambiguity,Marathi,Latin,SMS/Noisy,Sagle thamblele elders sathi,Everyone waited until the elders arrived.,N/A,No,N/A,N/A,N/A,No,code_mixing; colloquial_morphosyntax,user-authored-noisy,SMS/noisy wording authored by the user in Latin script; Devanagari counterpart preserves that wording rather than correcting it.
OG01_EN_LAT_FORMAL,OG01,Occupational / Morphosyntactic Gender,English,Latin,Formal,I spoke to the doctor yesterday.,I spoke to the doctor yesterday.,doctor,Yes,lexically_gender_neutral,N/A,N/A,No,none,formal,Formal core realization.
OG01_EN_LAT_NOISY,OG01,Occupational / Morphosyntactic Gender,English,Latin,SMS/Noisy,spoke to the doc yday,I spoke to the doctor yesterday.,doctor,Yes,lexically_gender_neutral,N/A,N/A,No,abbreviation; sms_shorthand,assistant-noisy-en,"English SMS/noisy variant constructed with abbreviations, shorthand, spelling reduction, and/or colloquial syntax."
OG01_HI_DEV_FORMAL,OG01,Occupational / Morphosyntactic Gender,Hindi,Devanagari,Formal,मैंने कल डॉक्टर से बात की।,I spoke to the doctor yesterday.,doctor,Yes,verb_continuation,आएगा,आएगी,No,none,formal,Formal core realization.
OG01_HI_DEV_NOISY,OG01,Occupational / Morphosyntactic Gender,Hindi,Devanagari,SMS/Noisy,मैंने कल doc से बात कर डाली,I spoke to the doctor yesterday.,doctor,Yes,verb_continuation,आएगा,आएगी,No,abbreviation; code_mixing; colloquial_morphosyntax,user-authored-noisy,SMS/noisy wording authored by the user in Latin script; Devanagari counterpart preserves that wording rather than correcting it.
OG01_HI_LAT_FORMAL,OG01,Occupational / Morphosyntactic Gender,Hindi,Latin,Formal,mainne kala doktara se baata kii.,I spoke to the doctor yesterday.,doctor,Yes,verb_continuation,आएगा,आएगी,No,none,formal-transliteration,Formal Romanized condition generated mechanically from the Devanagari formal sentence for script-control consistency.
OG01_HI_LAT_NOISY,OG01,Occupational / Morphosyntactic Gender,Hindi,Latin,SMS/Noisy,Meine kal doc se baat kar dali,I spoke to the doctor yesterday.,doctor,Yes,verb_continuation,आएगा,आएगी,No,abbreviation; code_mixing; colloquial_morphosyntax,user-authored-noisy,SMS/noisy wording authored by the user in Latin script; Devanagari counterpart preserves that wording rather than correcting it.
OG01_MR_DEV_FORMAL,OG01,Occupational / Morphosyntactic Gender,Marathi,Devanagari,Formal,मी काल डॉक्टरांशी बोलले।,I spoke to the doctor yesterday.,doctor,Yes,pronoun / agreement,तो,ती,No,none,formal,Formal core realization.
OG01_MR_DEV_NOISY,OG01,Occupational / Morphosyntactic Gender,Marathi,Devanagari,SMS/Noisy,मी काल doc शी बोलले,I spoke to the doctor yesterday.,doctor,Yes,pronoun / agreement,तो,ती,No,abbreviation; code_mixing; colloquial_morphosyntax,user-authored-noisy,SMS/noisy wording authored by the user in Latin script; Devanagari counterpart preserves that wording rather than correcting it.
OG01_MR_LAT_FORMAL,OG01,Occupational / Morphosyntactic Gender,Marathi,Latin,Formal,mii kaala doktaraanshii bolale.,I spoke to the doctor yesterday.,doctor,Yes,pronoun / agreement,तो,ती,No,none,formal-transliteration,Formal Romanized condition generated mechanically from the Devanagari formal sentence for script-control consistency.
OG01_MR_LAT_NOISY,OG01,Occupational / Morphosyntactic Gender,Marathi,Latin,SMS/Noisy,Mi kal doc shi bolle,I spoke to the doctor yesterday.,doctor,Yes,pronoun / agreement,तो,ती,No,abbreviation; code_mixing; colloquial_morphosyntax,user-authored-noisy,SMS/noisy wording authored by the user in Latin script; Devanagari counterpart preserves that wording rather than correcting it.
OG02_EN_LAT_FORMAL,OG02,Occupational / Morphosyntactic Gender,English,Latin,Formal,The teacher has already left.,The teacher has already left.,teacher,Yes,lexically_gender_neutral,N/A,N/A,No,none,formal,Formal core realization.
OG02_EN_LAT_NOISY,OG02,Occupational / Morphosyntactic Gender,English,Latin,SMS/Noisy,teacher already left,The teacher has already left.,teacher,Yes,lexically_gender_neutral,N/A,N/A,No,sms_shorthand,assistant-noisy-en,"English SMS/noisy variant constructed with abbreviations, shorthand, spelling reduction, and/or colloquial syntax."
OG02_HI_DEV_FORMAL,OG02,Occupational / Morphosyntactic Gender,Hindi,Devanagari,Formal,शिक्षक पहले ही जा चुके हैं।,The teacher has already left.,teacher,Yes,occupation_noun / contextual_agreement,प्राध्यापक,प्राध्यापिका,No,none,formal,Formal core realization.
OG02_HI_DEV_NOISY,OG02,Occupational / Morphosyntactic Gender,Hindi,Devanagari,SMS/Noisy,प्राध्यापक तो निकल लिए,The teacher has already left.,teacher,Yes,occupation_noun / contextual_agreement,प्राध्यापक,प्राध्यापिका,No,colloquial_morphosyntax,user-authored-noisy,SMS/noisy wording authored by the user in Latin script; Devanagari counterpart preserves that wording rather than correcting it.
OG02_HI_LAT_FORMAL,OG02,Occupational / Morphosyntactic Gender,Hindi,Latin,Formal,shikshaka pahale hii jaa chuke hain.,The teacher has already left.,teacher,Yes,occupation_noun / contextual_agreement,प्राध्यापक,प्राध्यापिका,No,none,formal-transliteration,Formal Romanized condition generated mechanically from the Devanagari formal sentence for script-control consistency.
OG02_HI_LAT_NOISY,OG02,Occupational / Morphosyntactic Gender,Hindi,Latin,SMS/Noisy,Pradhyapak to nikal liye,The teacher has already left.,teacher,Yes,occupation_noun / contextual_agreement,प्राध्यापक,प्राध्यापिका,No,colloquial_morphosyntax,user-authored-noisy,SMS/noisy wording authored by the user in Latin script; Devanagari counterpart preserves that wording rather than correcting it.
OG02_MR_DEV_FORMAL,OG02,Occupational / Morphosyntactic Gender,Marathi,Devanagari,Formal,शिक्षक आधीच निघून गेले आहेत।,The teacher has already left.,teacher,Yes,occupation_noun,शिक्षक,शिक्षिका,No,none,formal,Formal core realization.
OG02_MR_DEV_NOISY,OG02,Occupational / Morphosyntactic Gender,Marathi,Devanagari,SMS/Noisy,आमचे शिक्षक कधीच गेले,The teacher has already left.,teacher,Yes,occupation_noun,शिक्षक,शिक्षिका,No,colloquial_morphosyntax,user-authored-noisy,SMS/noisy wording authored by the user in Latin script; Devanagari counterpart preserves that wording rather than correcting it.
OG02_MR_LAT_FORMAL,OG02,Occupational / Morphosyntactic Gender,Marathi,Latin,Formal,shikshaka aadhiicha nighuuna gele aaheta.,The teacher has already left.,teacher,Yes,occupation_noun,शिक्षक,शिक्षिका,No,none,formal-transliteration,Formal Romanized condition generated mechanically from the Devanagari formal sentence for script-control consistency.
OG02_MR_LAT_NOISY,OG02,Occupational / Morphosyntactic Gender,Marathi,Latin,SMS/Noisy,Amche shikshak kadhich gelet,The teacher has already left.,teacher,Yes,occupation_noun,शिक्षक,शिक्षिका,No,colloquial_morphosyntax,user-authored-noisy,SMS/noisy wording authored by the user in Latin script; Devanagari counterpart preserves that wording rather than correcting it.
OG03_EN_LAT_FORMAL,OG03,Occupational / Morphosyntactic Gender,English,Latin,Formal,The engineer will check it later.,The engineer will check it later.,engineer,Yes,lexically_gender_neutral,N/A,N/A,No,none,formal,Formal core realization.
OG03_EN_LAT_NOISY,OG03,Occupational / Morphosyntactic Gender,English,Latin,SMS/Noisy,engineer will chk it later,The engineer will check it later.,engineer,Yes,lexically_gender_neutral,N/A,N/A,No,sms_shorthand,assistant-noisy-en,"English SMS/noisy variant constructed with abbreviations, shorthand, spelling reduction, and/or colloquial syntax."
OG03_HI_DEV_FORMAL,OG03,Occupational / Morphosyntactic Gender,Hindi,Devanagari,Formal,इंजीनियर बाद में इसकी जाँच करेंगे।,The engineer will check it later.,engineer,Yes,verb,करेगा,करेगी,No,none,formal,Formal core realization.
OG03_HI_DEV_NOISY,OG03,Occupational / Morphosyntactic Gender,Hindi,Devanagari,SMS/Noisy,वो engineer बादमें check करेगा,The engineer will check it later.,engineer,Yes,verb,करेगा,करेगी,Yes,code_mixing; colloquial_morphosyntax,user-authored-noisy,SMS/noisy wording authored by the user in Latin script; Devanagari counterpart preserves that wording rather than correcting it.
OG03_HI_LAT_FORMAL,OG03,Occupational / Morphosyntactic Gender,Hindi,Latin,Formal,injiiniyara baada men isakii jaancha karenge.,The engineer will check it later.,engineer,Yes,verb,करेगा,करेगी,No,none,formal-transliteration,Formal Romanized condition generated mechanically from the Devanagari formal sentence for script-control consistency.
OG03_HI_LAT_NOISY,OG03,Occupational / Morphosyntactic Gender,Hindi,Latin,SMS/Noisy,Wo engineer badme check karga,The engineer will check it later.,engineer,Yes,verb,करेगा,करेगी,Yes,code_mixing; colloquial_morphosyntax,user-authored-noisy,SMS/noisy wording authored by the user in Latin script; Devanagari counterpart preserves that wording rather than correcting it.
OG03_MR_DEV_FORMAL,OG03,Occupational / Morphosyntactic Gender,Marathi,Devanagari,Formal,इंजिनियर नंतर ते तपासेल।,The engineer will check it later.,engineer,Yes,pronoun,तो,ती,No,none,formal,Formal core realization.
OG03_MR_DEV_NOISY,OG03,Occupational / Morphosyntactic Gender,Marathi,Devanagari,SMS/Noisy,तो engineer नंतर check करेल,The engineer will check it later.,engineer,Yes,pronoun,तो,ती,Yes,code_mixing; colloquial_morphosyntax,user-authored-noisy,SMS/noisy wording authored by the user in Latin script; Devanagari counterpart preserves that wording rather than correcting it.
OG03_MR_LAT_FORMAL,OG03,Occupational / Morphosyntactic Gender,Marathi,Latin,Formal,injiniyara nantara te tapaasela.,The engineer will check it later.,engineer,Yes,pronoun,तो,ती,No,none,formal-transliteration,Formal Romanized condition generated mechanically from the Devanagari formal sentence for script-control consistency.
OG03_MR_LAT_NOISY,OG03,Occupational / Morphosyntactic Gender,Marathi,Latin,SMS/Noisy,To engineer nantar check karel,The engineer will check it later.,engineer,Yes,pronoun,तो,ती,Yes,code_mixing; colloquial_morphosyntax,user-authored-noisy,SMS/noisy wording authored by the user in Latin script; Devanagari counterpart preserves that wording rather than correcting it.
OG04_EN_LAT_FORMAL,OG04,Occupational / Morphosyntactic Gender,English,Latin,Formal,I discussed the request with the manager.,I discussed the request with the manager.,manager,Yes,lexically_gender_neutral,N/A,N/A,No,none,formal,Formal core realization.
OG04_EN_LAT_NOISY,OG04,Occupational / Morphosyntactic Gender,English,Latin,SMS/Noisy,discussed the req w the manager,I discussed the request with the manager.,manager,Yes,lexically_gender_neutral,N/A,N/A,No,abbreviation; sms_shorthand,assistant-noisy-en,"English SMS/noisy variant constructed with abbreviations, shorthand, spelling reduction, and/or colloquial syntax."
OG04_HI_DEV_FORMAL,OG04,Occupational / Morphosyntactic Gender,Hindi,Devanagari,Formal,मैंने मैनेजर के साथ अनुरोध पर चर्चा की।,I discussed the request with the manager.,manager,Yes,verb_continuation,करेगा,करेगी,No,none,formal,Formal core realization.
OG04_HI_DEV_NOISY,OG04,Occupational / Morphosyntactic Gender,Hindi,Devanagari,SMS/Noisy,मैंने manager से बात discuss कर है,I discussed the request with the manager.,manager,Yes,verb_continuation,करेगा,करेगी,No,code_mixing; colloquial_morphosyntax,user-authored-noisy,SMS/noisy wording authored by the user in Latin script; Devanagari counterpart preserves that wording rather than correcting it.
OG04_HI_LAT_FORMAL,OG04,Occupational / Morphosyntactic Gender,Hindi,Latin,Formal,mainne mainejara ke saatha anurodha para charchaa kii.,I discussed the request with the manager.,manager,Yes,verb_continuation,करेगा,करेगी,No,none,formal-transliteration,Formal Romanized condition generated mechanically from the Devanagari formal sentence for script-control consistency.
OG04_HI_LAT_NOISY,OG04,Occupational / Morphosyntactic Gender,Hindi,Latin,SMS/Noisy,Maine manager se baat discuss kar hai,I discussed the request with the manager.,manager,Yes,verb_continuation,करेगा,करेगी,No,code_mixing; colloquial_morphosyntax,user-authored-noisy,SMS/noisy wording authored by the user in Latin script; Devanagari counterpart preserves that wording rather than correcting it.
OG04_MR_DEV_FORMAL,OG04,Occupational / Morphosyntactic Gender,Marathi,Devanagari,Formal,मी मॅनेजरसोबत विनंतीबद्दल चर्चा केली।,I discussed the request with the manager.,manager,Yes,pronoun / contextual_agreement,तो,ती,No,none,formal,Formal core realization.
OG04_MR_DEV_NOISY,OG04,Occupational / Morphosyntactic Gender,Marathi,Devanagari,SMS/Noisy,माझ्या manager शी मी discussion केला,I discussed the request with the manager.,manager,Yes,pronoun / contextual_agreement,तो,ती,No,code_mixing; colloquial_morphosyntax,user-authored-noisy,SMS/noisy wording authored by the user in Latin script; Devanagari counterpart preserves that wording rather than correcting it.
OG04_MR_LAT_FORMAL,OG04,Occupational / Morphosyntactic Gender,Marathi,Latin,Formal,mii menejarasobata vinantiibaddala charchaa kelii.,I discussed the request with the manager.,manager,Yes,pronoun / contextual_agreement,तो,ती,No,none,formal-transliteration,Formal Romanized condition generated mechanically from the Devanagari formal sentence for script-control consistency.
OG04_MR_LAT_NOISY,OG04,Occupational / Morphosyntactic Gender,Marathi,Latin,SMS/Noisy,Majhya manager shi me discussion kela,I discussed the request with the manager.,manager,Yes,pronoun / contextual_agreement,तो,ती,No,code_mixing; colloquial_morphosyntax,user-authored-noisy,SMS/noisy wording authored by the user in Latin script; Devanagari counterpart preserves that wording rather than correcting it.
OG05_EN_LAT_FORMAL,OG05,Occupational / Morphosyntactic Gender,English,Latin,Formal,The lawyer called earlier this morning.,The lawyer called earlier this morning.,lawyer,Yes,lexically_gender_neutral,N/A,N/A,No,none,formal,Formal core realization.
OG05_EN_LAT_NOISY,OG05,Occupational / Morphosyntactic Gender,English,Latin,SMS/Noisy,lawyer called early this morn,The lawyer called earlier this morning.,lawyer,Yes,lexically_gender_neutral,N/A,N/A,No,sms_shorthand,assistant-noisy-en,"English SMS/noisy variant constructed with abbreviations, shorthand, spelling reduction, and/or colloquial syntax."
OG05_HI_DEV_FORMAL,OG05,Occupational / Morphosyntactic Gender,Hindi,Devanagari,Formal,वकील ने आज सुबह पहले फोन किया था।,The lawyer called earlier this morning.,lawyer,Yes,verb_continuation,करेगा,करेगी,No,none,formal,Formal core realization.
OG05_HI_DEV_NOISY,OG05,Occupational / Morphosyntactic Gender,Hindi,Devanagari,SMS/Noisy,आज सुबह वो lawyer ने call किया था,The lawyer called earlier this morning.,lawyer,Yes,verb_continuation,करेगा,करेगी,No,code_mixing; colloquial_morphosyntax,user-authored-noisy,SMS/noisy wording authored by the user in Latin script; Devanagari counterpart preserves that wording rather than correcting it.
OG05_HI_LAT_FORMAL,OG05,Occupational / Morphosyntactic Gender,Hindi,Latin,Formal,vakiila ne aaja subaha pahale phona kiyaa thaa.,The lawyer called earlier this morning.,lawyer,Yes,verb_continuation,करेगा,करेगी,No,none,formal-transliteration,Formal Romanized condition generated mechanically from the Devanagari formal sentence for script-control consistency.
OG05_HI_LAT_NOISY,OG05,Occupational / Morphosyntactic Gender,Hindi,Latin,SMS/Noisy,Ajj subah wo lawyer ne call kiya tha,The lawyer called earlier this morning.,lawyer,Yes,verb_continuation,करेगा,करेगी,No,code_mixing; colloquial_morphosyntax,user-authored-noisy,SMS/noisy wording authored by the user in Latin script; Devanagari counterpart preserves that wording rather than correcting it.
OG05_MR_DEV_FORMAL,OG05,Occupational / Morphosyntactic Gender,Marathi,Devanagari,Formal,वकिलांचा आज सकाळी फोन आला होता।,The lawyer called earlier this morning.,lawyer,Yes,pronoun / contextual_agreement,तो,ती,No,none,formal,Formal core realization.
OG05_MR_DEV_NOISY,OG05,Occupational / Morphosyntactic Gender,Marathi,Devanagari,SMS/Noisy,माझ्या lawyer चा सकाळ सकाळी फोन आलेला,The lawyer called earlier this morning.,lawyer,Yes,pronoun / contextual_agreement,तो,ती,No,code_mixing; colloquial_morphosyntax,user-authored-noisy,SMS/noisy wording authored by the user in Latin script; Devanagari counterpart preserves that wording rather than correcting it.
OG05_MR_LAT_FORMAL,OG05,Occupational / Morphosyntactic Gender,Marathi,Latin,Formal,vakilaanchaa aaja sakaalii phona aalaa hotaa.,The lawyer called earlier this morning.,lawyer,Yes,pronoun / contextual_agreement,तो,ती,No,none,formal-transliteration,Formal Romanized condition generated mechanically from the Devanagari formal sentence for script-control consistency.
OG05_MR_LAT_NOISY,OG05,Occupational / Morphosyntactic Gender,Marathi,Latin,SMS/Noisy,majhya lawyer cha sakal sakali phone alela,The lawyer called earlier this morning.,lawyer,Yes,pronoun / contextual_agreement,तो,ती,No,code_mixing; colloquial_morphosyntax,user-authored-noisy,SMS/noisy wording authored by the user in Latin script; Devanagari counterpart preserves that wording rather than correcting it.
OG06_EN_LAT_FORMAL,OG06,Occupational / Morphosyntactic Gender,English,Latin,Formal,The professor agreed to review the paper.,The professor agreed to review the paper.,professor,Yes,lexically_gender_neutral,N/A,N/A,No,none,formal,Formal core realization.
OG06_EN_LAT_NOISY,OG06,Occupational / Morphosyntactic Gender,English,Latin,SMS/Noisy,prof said ok to reviewing the paper,The professor agreed to review the paper.,professor,Yes,lexically_gender_neutral,N/A,N/A,No,abbreviation; sms_shorthand,assistant-noisy-en,"English SMS/noisy variant constructed with abbreviations, shorthand, spelling reduction, and/or colloquial syntax."
OG06_HI_DEV_FORMAL,OG06,Occupational / Morphosyntactic Gender,Hindi,Devanagari,Formal,प्रोफेसर ने पेपर की समीक्षा करने के लिए सहमति दी।,The professor agreed to review the paper.,professor,Yes,verb_continuation,करेगा,करेगी,No,none,formal,Formal core realization.
OG06_HI_DEV_NOISY,OG06,Occupational / Morphosyntactic Gender,Hindi,Devanagari,SMS/Noisy,Prof ने paper वापस देखनेको ok किया,The professor agreed to review the paper.,professor,Yes,verb_continuation,करेगा,करेगी,No,abbreviation; code_mixing; colloquial_morphosyntax,user-authored-noisy,SMS/noisy wording authored by the user in Latin script; Devanagari counterpart preserves that wording rather than correcting it.
OG06_HI_LAT_FORMAL,OG06,Occupational / Morphosyntactic Gender,Hindi,Latin,Formal,prophesara ne pepara kii samiikshaa karane ke lie sahamati dii.,The professor agreed to review the paper.,professor,Yes,verb_continuation,करेगा,करेगी,No,none,formal-transliteration,Formal Romanized condition generated mechanically from the Devanagari formal sentence for script-control consistency.
OG06_HI_LAT_NOISY,OG06,Occupational / Morphosyntactic Gender,Hindi,Latin,SMS/Noisy,Prof ne paper vapas dekhneko ok kiya,The professor agreed to review the paper.,professor,Yes,verb_continuation,करेगा,करेगी,No,abbreviation; code_mixing; colloquial_morphosyntax,user-authored-noisy,SMS/noisy wording authored by the user in Latin script; Devanagari counterpart preserves that wording rather than correcting it.
OG06_MR_DEV_FORMAL,OG06,Occupational / Morphosyntactic Gender,Marathi,Devanagari,Formal,प्राध्यापकांनी पेपरचे परीक्षण करण्यास मान्यता दिली।,The professor agreed to review the paper.,professor,Yes,pronoun / contextual_agreement,तो,ती,No,none,formal,Formal core realization.
OG06_MR_DEV_NOISY,OG06,Occupational / Morphosyntactic Gender,Marathi,Devanagari,SMS/Noisy,आमच्या prof ने paper review करायला मान्य केला,The professor agreed to review the paper.,professor,Yes,pronoun / contextual_agreement,तो,ती,No,abbreviation; code_mixing; colloquial_morphosyntax,user-authored-noisy,SMS/noisy wording authored by the user in Latin script; Devanagari counterpart preserves that wording rather than correcting it.
OG06_MR_LAT_FORMAL,OG06,Occupational / Morphosyntactic Gender,Marathi,Latin,Formal,praadhyaapakaannii peparache pariikshana karanyaasa maanyataa dilii.,The professor agreed to review the paper.,professor,Yes,pronoun / contextual_agreement,तो,ती,No,none,formal-transliteration,Formal Romanized condition generated mechanically from the Devanagari formal sentence for script-control consistency.
OG06_MR_LAT_NOISY,OG06,Occupational / Morphosyntactic Gender,Marathi,Latin,SMS/Noisy,Amchya prof ne paper review karayla manya kela,The professor agreed to review the paper.,professor,Yes,pronoun / contextual_agreement,तो,ती,No,abbreviation; code_mixing; colloquial_morphosyntax,user-authored-noisy,SMS/noisy wording authored by the user in Latin script; Devanagari counterpart preserves that wording rather than correcting it.
OG07_EN_LAT_FORMAL,OG07,Occupational / Morphosyntactic Gender,English,Latin,Formal,I heard that the director approved the proposal.,I heard that the director approved the proposal.,director,Yes,lexically_gender_neutral,N/A,N/A,No,none,formal,Formal core realization.
OG07_EN_LAT_NOISY,OG07,Occupational / Morphosyntactic Gender,English,Latin,SMS/Noisy,heard the director approved the proposal,I heard that the director approved the proposal.,director,Yes,lexically_gender_neutral,N/A,N/A,No,sms_shorthand,assistant-noisy-en,"English SMS/noisy variant constructed with abbreviations, shorthand, spelling reduction, and/or colloquial syntax."
OG07_HI_DEV_FORMAL,OG07,Occupational / Morphosyntactic Gender,Hindi,Devanagari,Formal,मैंने सुना कि निदेशक ने प्रस्ताव को मंज़ूरी दे दी।,I heard that the director approved the proposal.,director,Yes,honorific / contextual_agreement,साहब,madam,No,none,formal,Formal core realization.
OG07_HI_DEV_NOISY,OG07,Occupational / Morphosyntactic Gender,Hindi,Devanagari,SMS/Noisy,मैंने सुना कि director साहब ने proposal approve किया,I heard that the director approved the proposal.,director,Yes,honorific / contextual_agreement,साहब,madam,Yes,code_mixing; colloquial_morphosyntax,user-authored-noisy,SMS/noisy wording authored by the user in Latin script; Devanagari counterpart preserves that wording rather than correcting it.
OG07_HI_LAT_FORMAL,OG07,Occupational / Morphosyntactic Gender,Hindi,Latin,Formal,mainne sunaa ki nideshaka ne prastaava ko manja़uurii de dii.,I heard that the director approved the proposal.,director,Yes,honorific / contextual_agreement,साहब,madam,No,none,formal-transliteration,Formal Romanized condition generated mechanically from the Devanagari formal sentence for script-control consistency.
OG07_HI_LAT_NOISY,OG07,Occupational / Morphosyntactic Gender,Hindi,Latin,SMS/Noisy,Meine suna ki director sahab ne proposal approve kiya,I heard that the director approved the proposal.,director,Yes,honorific / contextual_agreement,साहब,madam,Yes,code_mixing; colloquial_morphosyntax,user-authored-noisy,SMS/noisy wording authored by the user in Latin script; Devanagari counterpart preserves that wording rather than correcting it.
OG07_MR_DEV_FORMAL,OG07,Occupational / Morphosyntactic Gender,Marathi,Devanagari,Formal,मी ऐकले की संचालकांनी प्रस्ताव मंजूर केला।,I heard that the director approved the proposal.,director,Yes,pronoun / contextual_agreement,तो,ती,No,none,formal,Formal core realization.
OG07_MR_DEV_NOISY,OG07,Occupational / Morphosyntactic Gender,Marathi,Devanagari,SMS/Noisy,मी ऐकलं की director नी proposal approve केला म्हणे,I heard that the director approved the proposal.,director,Yes,pronoun / contextual_agreement,तो,ती,No,code_mixing; colloquial_morphosyntax,user-authored-noisy,SMS/noisy wording authored by the user in Latin script; Devanagari counterpart preserves that wording rather than correcting it.
OG07_MR_LAT_FORMAL,OG07,Occupational / Morphosyntactic Gender,Marathi,Latin,Formal,mii aikale kii sanchaalakaannii prastaava manjuura kelaa.,I heard that the director approved the proposal.,director,Yes,pronoun / contextual_agreement,तो,ती,No,none,formal-transliteration,Formal Romanized condition generated mechanically from the Devanagari formal sentence for script-control consistency.
OG07_MR_LAT_NOISY,OG07,Occupational / Morphosyntactic Gender,Marathi,Latin,SMS/Noisy,Me aaikle ki director ni proposal approve kela mhane,I heard that the director approved the proposal.,director,Yes,pronoun / contextual_agreement,तो,ती,No,code_mixing; colloquial_morphosyntax,user-authored-noisy,SMS/noisy wording authored by the user in Latin script; Devanagari counterpart preserves that wording rather than correcting it.
OG08_EN_LAT_FORMAL,OG08,Occupational / Morphosyntactic Gender,English,Latin,Formal,The scientist presented the findings yesterday.,The scientist presented the findings yesterday.,scientist,Yes,lexically_gender_neutral,N/A,N/A,No,none,formal,Formal core realization.
OG08_EN_LAT_NOISY,OG08,Occupational / Morphosyntactic Gender,English,Latin,SMS/Noisy,scientist presented the findings yday,The scientist presented the findings yesterday.,scientist,Yes,lexically_gender_neutral,N/A,N/A,No,sms_shorthand,assistant-noisy-en,"English SMS/noisy variant constructed with abbreviations, shorthand, spelling reduction, and/or colloquial syntax."
OG08_HI_DEV_FORMAL,OG08,Occupational / Morphosyntactic Gender,Hindi,Devanagari,Formal,वैज्ञानिक ने कल निष्कर्ष प्रस्तुत किए।,The scientist presented the findings yesterday.,scientist,Yes,verb_continuation,करेगा,करेगी,No,none,formal,Formal core realization.
OG08_HI_DEV_NOISY,OG08,Occupational / Morphosyntactic Gender,Hindi,Devanagari,SMS/Noisy,Scientist ने अपनी findings कल दिखाई,The scientist presented the findings yesterday.,scientist,Yes,verb_continuation,करेगा,करेगी,No,code_mixing; colloquial_morphosyntax,user-authored-noisy,SMS/noisy wording authored by the user in Latin script; Devanagari counterpart preserves that wording rather than correcting it.
OG08_HI_LAT_FORMAL,OG08,Occupational / Morphosyntactic Gender,Hindi,Latin,Formal,vaijnyaanika ne kala nishkarsha prastuta kie.,The scientist presented the findings yesterday.,scientist,Yes,verb_continuation,करेगा,करेगी,No,none,formal-transliteration,Formal Romanized condition generated mechanically from the Devanagari formal sentence for script-control consistency.
OG08_HI_LAT_NOISY,OG08,Occupational / Morphosyntactic Gender,Hindi,Latin,SMS/Noisy,Scientist ne apni findigs kal dikhayi,The scientist presented the findings yesterday.,scientist,Yes,verb_continuation,करेगा,करेगी,No,code_mixing; colloquial_morphosyntax,user-authored-noisy,SMS/noisy wording authored by the user in Latin script; Devanagari counterpart preserves that wording rather than correcting it.
OG08_MR_DEV_FORMAL,OG08,Occupational / Morphosyntactic Gender,Marathi,Devanagari,Formal,वैज्ञानिकाने काल निष्कर्ष सादर केले।,The scientist presented the findings yesterday.,scientist,Yes,pronoun / contextual_agreement,तो,ती,No,none,formal,Formal core realization.
OG08_MR_DEV_NOISY,OG08,Occupational / Morphosyntactic Gender,Marathi,Devanagari,SMS/Noisy,Scientist ने त्याचा findings काल present केला,The scientist presented the findings yesterday.,scientist,Yes,pronoun / contextual_agreement,तो,ती,Yes,code_mixing; colloquial_morphosyntax,user-authored-noisy,SMS/noisy wording authored by the user in Latin script; Devanagari counterpart preserves that wording rather than correcting it.
OG08_MR_LAT_FORMAL,OG08,Occupational / Morphosyntactic Gender,Marathi,Latin,Formal,vaijnyaanikaane kaala nishkarsha saadara kele.,The scientist presented the findings yesterday.,scientist,Yes,pronoun / contextual_agreement,तो,ती,No,none,formal-transliteration,Formal Romanized condition generated mechanically from the Devanagari formal sentence for script-control consistency.
OG08_MR_LAT_NOISY,OG08,Occupational / Morphosyntactic Gender,Marathi,Latin,SMS/Noisy,Scientist ne tyacha sodh kal present kela,The scientist presented the findings yesterday.,scientist,Yes,pronoun / contextual_agreement,तो,ती,Yes,code_mixing; colloquial_morphosyntax,user-authored-noisy,SMS/noisy wording authored by the user in Latin script; Devanagari counterpart preserves that wording rather than correcting it.
OG09_EN_LAT_FORMAL,OG09,Occupational / Morphosyntactic Gender,English,Latin,Formal,The pilot is ready to leave.,The pilot is ready to leave.,pilot,Yes,lexically_gender_neutral,N/A,N/A,No,none,formal,Formal core realization.
OG09_EN_LAT_NOISY,OG09,Occupational / Morphosyntactic Gender,English,Latin,SMS/Noisy,pilot is ready to leave rn,The pilot is ready to leave.,pilot,Yes,lexically_gender_neutral,N/A,N/A,No,abbreviation; sms_shorthand,assistant-noisy-en,"English SMS/noisy variant constructed with abbreviations, shorthand, spelling reduction, and/or colloquial syntax."
OG09_HI_DEV_FORMAL,OG09,Occupational / Morphosyntactic Gender,Hindi,Devanagari,Formal,पायलट जाने के लिए तैयार है।,The pilot is ready to leave.,pilot,Yes,verb/adjective,गया / तैयार,गई / तैयार,No,none,formal,Formal core realization.
OG09_HI_DEV_NOISY,OG09,Occupational / Morphosyntactic Gender,Hindi,Devanagari,SMS/Noisy,Pilot निकल गया है almost,The pilot is ready to leave.,pilot,Yes,verb/adjective,गया / तैयार,गई / तैयार,Yes,code_mixing; colloquial_morphosyntax,user-authored-noisy,SMS/noisy wording authored by the user in Latin script; Devanagari counterpart preserves that wording rather than correcting it.
OG09_HI_LAT_FORMAL,OG09,Occupational / Morphosyntactic Gender,Hindi,Latin,Formal,paayalata jaane ke lie taiyaara hai.,The pilot is ready to leave.,pilot,Yes,verb/adjective,गया / तैयार,गई / तैयार,No,none,formal-transliteration,Formal Romanized condition generated mechanically from the Devanagari formal sentence for script-control consistency.
OG09_HI_LAT_NOISY,OG09,Occupational / Morphosyntactic Gender,Hindi,Latin,SMS/Noisy,Pilot nikal gaya hai almost,The pilot is ready to leave.,pilot,Yes,verb/adjective,गया / तैयार,गई / तैयार,Yes,code_mixing; colloquial_morphosyntax,user-authored-noisy,SMS/noisy wording authored by the user in Latin script; Devanagari counterpart preserves that wording rather than correcting it.
OG09_MR_DEV_FORMAL,OG09,Occupational / Morphosyntactic Gender,Marathi,Devanagari,Formal,पायलट निघायला तयार आहे।,The pilot is ready to leave.,pilot,Yes,pronoun / verb agreement,तो / निघाला,ती / निघाली,No,none,formal,Formal core realization.
OG09_MR_DEV_NOISY,OG09,Occupational / Morphosyntactic Gender,Marathi,Devanagari,SMS/Noisy,Pilot निघायला तयार आहे बरका...,The pilot is ready to leave.,pilot,Yes,pronoun / verb agreement,तो / निघाला,ती / निघाली,No,code_mixing; orthographic_noise; colloquial_morphosyntax,user-authored-noisy,SMS/noisy wording authored by the user in Latin script; Devanagari counterpart preserves that wording rather than correcting it.
OG09_MR_LAT_FORMAL,OG09,Occupational / Morphosyntactic Gender,Marathi,Latin,Formal,paayalata nighaayalaa tayaara aahe.,The pilot is ready to leave.,pilot,Yes,pronoun / verb agreement,तो / निघाला,ती / निघाली,No,none,formal-transliteration,Formal Romanized condition generated mechanically from the Devanagari formal sentence for script-control consistency.
OG09_MR_LAT_NOISY,OG09,Occupational / Morphosyntactic Gender,Marathi,Latin,SMS/Noisy,PiLot nighayla tayar ahe baraka...,The pilot is ready to leave.,pilot,Yes,pronoun / verb agreement,तो / निघाला,ती / निघाली,No,code_mixing; orthographic_noise; colloquial_morphosyntax,user-authored-noisy,SMS/noisy wording authored by the user in Latin script; Devanagari counterpart preserves that wording rather than correcting it.
OG10_EN_LAT_FORMAL,OG10,Occupational / Morphosyntactic Gender,English,Latin,Formal,I asked the architect to explain the design.,I asked the architect to explain the design.,architect,Yes,lexically_gender_neutral,N/A,N/A,No,none,formal,Formal core realization.
OG10_EN_LAT_NOISY,OG10,Occupational / Morphosyntactic Gender,English,Latin,SMS/Noisy,asked the architect to explain the design,I asked the architect to explain the design.,architect,Yes,lexically_gender_neutral,N/A,N/A,No,sms_shorthand,assistant-noisy-en,"English SMS/noisy variant constructed with abbreviations, shorthand, spelling reduction, and/or colloquial syntax."
OG10_HI_DEV_FORMAL,OG10,Occupational / Morphosyntactic Gender,Hindi,Devanagari,Formal,मैंने आर्किटेक्ट से डिज़ाइन समझाने के लिए कहा।,I asked the architect to explain the design.,architect,Yes,verb_continuation,समझाएगा,समझाएगी,No,none,formal,Formal core realization.
OG10_HI_DEV_NOISY,OG10,Occupational / Morphosyntactic Gender,Hindi,Devanagari,SMS/Noisy,मैंने बोला architect को कि ज़रा हमें भी समझा दो!,I asked the architect to explain the design.,architect,Yes,verb_continuation,समझाएगा,समझाएगी,No,code_mixing; colloquial_morphosyntax,user-authored-noisy,SMS/noisy wording authored by the user in Latin script; Devanagari counterpart preserves that wording rather than correcting it.
OG10_HI_LAT_FORMAL,OG10,Occupational / Morphosyntactic Gender,Hindi,Latin,Formal,mainne aarkitekta se dija़aaina samajhaane ke lie kahaa.,I asked the architect to explain the design.,architect,Yes,verb_continuation,समझाएगा,समझाएगी,No,none,formal-transliteration,Formal Romanized condition generated mechanically from the Devanagari formal sentence for script-control consistency.
OG10_HI_LAT_NOISY,OG10,Occupational / Morphosyntactic Gender,Hindi,Latin,SMS/Noisy,Meine bola architect ko ki jara hume bhi samjha do!,I asked the architect to explain the design.,architect,Yes,verb_continuation,समझाएगा,समझाएगी,No,code_mixing; colloquial_morphosyntax,user-authored-noisy,SMS/noisy wording authored by the user in Latin script; Devanagari counterpart preserves that wording rather than correcting it.
OG10_MR_DEV_FORMAL,OG10,Occupational / Morphosyntactic Gender,Marathi,Devanagari,Formal,मी आर्किटेक्टला डिझाइन समजावून सांगायला सांगितले।,I asked the architect to explain the design.,architect,Yes,pronoun / contextual_agreement,तो,ती,No,none,formal,Formal core realization.
OG10_MR_DEV_NOISY,OG10,Occupational / Morphosyntactic Gender,Marathi,Devanagari,SMS/Noisy,मी त्या architect ला मला समजवायला सांगितलं,I asked the architect to explain the design.,architect,Yes,pronoun / contextual_agreement,तो,ती,No,code_mixing; colloquial_morphosyntax,user-authored-noisy,SMS/noisy wording authored by the user in Latin script; Devanagari counterpart preserves that wording rather than correcting it.
OG10_MR_LAT_FORMAL,OG10,Occupational / Morphosyntactic Gender,Marathi,Latin,Formal,mii aarkitektalaa dijhaaina samajaavuuna saangaayalaa saangitale.,I asked the architect to explain the design.,architect,Yes,pronoun / contextual_agreement,तो,ती,No,none,formal-transliteration,Formal Romanized condition generated mechanically from the Devanagari formal sentence for script-control consistency.
OG10_MR_LAT_NOISY,OG10,Occupational / Morphosyntactic Gender,Marathi,Latin,SMS/Noisy,Me tya architect la mala samjvayla sangitla,I asked the architect to explain the design.,architect,Yes,pronoun / contextual_agreement,तो,ती,No,code_mixing; colloquial_morphosyntax,user-authored-noisy,SMS/noisy wording authored by the user in Latin script; Devanagari counterpart preserves that wording rather than correcting it.
